fold,data,modelo,real,prev,lo80,hi80,lo95,hi95
1,2025-01-01,SNaive7,35903.90045833,36579.67341667,,,,
1,2025-01-02,SNaive7,42515.2345,42234.33475,,,,
1,2025-01-03,SNaive7,44511.483125,42696.90629167,,,,
1,2025-01-04,SNaive7,42866.86179167,40889.580625,,,,
1,2025-01-05,SNaive7,39566.96625,38412.46816667,,,,
1,2025-01-06,SNaive7,45811.22641667,40639.167375,,,,
1,2025-01-07,SNaive7,46742.8355,38959.76245833,,,,
1,2025-01-01,SARIMA,35903.90045833,38731.699189919615,37151.19303611937,40312.205343719856,36314.52361768581,41148.87476215342
1,2025-01-02,SARIMA,42515.2345,41185.16755093407,38903.03109236439,43467.30400950375,37694.941026415276,44675.39407545287
1,2025-01-03,SARIMA,44511.483125,41914.30839772454,39258.4397798886,44570.17701556048,37852.507859549114,45976.10893589997
1,2025-01-04,SARIMA,42866.86179167,39351.7802228659,36469.01475631316,42234.545689418635,34942.97089967792,43760.589546053874
1,2025-01-05,SARIMA,39566.96625,36797.46950571431,33769.91383018407,39825.02518124455,32167.222666830792,41427.71634459783
1,2025-01-06,SARIMA,45811.22641667,42518.0551505149,39395.744131941305,45640.36616908849,37742.89251994508,47293.21778108471
1,2025-01-07,SARIMA,46742.8355,42721.996484186835,39536.774117969995,45907.218850403675,37850.619250229414,47593.373718144256
1,2025-01-01,ETS,35903.90045833,39094.22422767104,37508.42412768067,40680.024327661406,36668.90769765667,41519.540757685405
1,2025-01-02,ETS,42515.2345,39107.60667692821,37521.806576937845,40693.40677691858,36682.290146913845,41532.92320694258
1,2025-01-03,ETS,44511.483125,38809.481405158265,37223.6813051679,40395.28150514863,36384.1648751439,41234.79793517263
1,2025-01-04,ETS,42866.86179167,35893.65132837187,34307.8512283815,37479.451428362234,33468.3347983575,38318.96785838623
1,2025-01-05,ETS,39566.96625,33013.067040517526,31427.266940527163,34598.86714050789,30587.750510503156,35438.38357053189
1,2025-01-06,ETS,45811.22641667,38025.74922979165,36439.94912980128,39611.549329782014,35600.43269977728,40451.06575980601
1,2025-01-07,ETS,46742.8355,38959.7624982295,37373.962398239135,40545.56259821987,36534.445968215136,41385.07902824387
1,2025-01-01,DHR-Fourier,35903.90045833,38974.486696588254,37410.78831084811,40538.1850823284,36583.01638736842,41365.957005808086
1,2025-01-02,DHR-Fourier,42515.2345,39441.477154956956,37130.55027480143,41752.40403511248,35907.21948028775,42975.73482962616
1,2025-01-03,DHR-Fourier,44511.483125,39671.61095799992,36892.76152648998,42450.460389509855,35421.7274959134,43921.494420086434
1,2025-01-04,DHR-Fourier,42866.86179167,36864.89258754107,33753.44124324933,39976.34393183282,32106.33839556125,41623.44677952089
1,2025-01-05,DHR-Fourier,39566.96625,34035.79065919982,30675.328035118797,37396.25328328084,28896.40657847197,39175.174739927665
1,2025-01-06,DHR-Fourier,45811.22641667,39860.703267411285,36308.46496406102,43412.94157076155,34428.02359516451,45293.38293965806
1,2025-01-07,DHR-Fourier,46742.8355,41188.58977049855,37486.035254500566,44891.14428649653,35526.021289246426,46851.15825175067
2,2025-01-08,SNaive7,47114.19408333,35903.90045833,,,,
2,2025-01-09,SNaive7,46350.036375,42515.2345,,,,
2,2025-01-10,SNaive7,45868.24904167,44511.483125,,,,
2,2025-01-11,SNaive7,43162.15883333,42866.86179167,,,,
2,2025-01-12,SNaive7,39757.97575,39566.96625,,,,
2,2025-01-13,SNaive7,45181.728125,45811.22641667,,,,
2,2025-01-14,SNaive7,45720.62383333,46742.8355,,,,
2,2025-01-08,SARIMA,47114.19408333,45063.32260161479,43472.00600915172,46654.639194077856,42629.61389017233,47497.03131305725
2,2025-01-09,SARIMA,46350.036375,47197.67066407636,44905.33476922409,49490.006558928624,43691.845447851396,50703.49588030132
2,2025-01-10,SARIMA,45868.24904167,47190.0011878181,44528.92595302943,49851.07642260678,43120.23781616565,51259.764559470554
2,2025-01-11,SARIMA,43162.15883333,44010.70661808606,41128.568531225035,46892.84470494708,39602.856789337064,48418.55644683505
2,2025-01-12,SARIMA,39757.97575,40618.05764162826,37596.66198174881,43639.4533015077,35997.23173370403,45238.88354955248
2,2025-01-13,SARIMA,45181.728125,45820.038761919735,42708.70768155254,48931.36984228693,41061.66849774049,50578.40902609898
2,2025-01-14,SARIMA,45720.62383333,45638.20353489158,42467.96507243328,48808.44199734988,40789.742204206515,50486.66486557665
2,2025-01-08,ETS,47114.19408333,46884.33846283684,45280.583734674976,48488.0931909987,44431.56219404779,49337.11473162589
2,2025-01-09,ETS,46350.036375,46924.14800366632,45320.39327550446,48527.90273182818,44471.37173487727,49376.92427245537
2,2025-01-10,ETS,45868.24904167,46573.456373933084,44969.70164577122,48177.211102094945,44120.680105144034,49026.232642722134
2,2025-01-11,ETS,43162.15883333,43078.234463074084,41474.479734912224,44681.989191235945,40625.458194285035,45531.010731863134
2,2025-01-12,ETS,39757.97575,39616.2014613264,38012.446733164536,41219.95618948826,37163.42519253735,42068.977730115446
2,2025-01-13,ETS,45181.728125,45627.93913995168,44024.18441178982,47231.69386811354,43175.16287116263,48080.71540874073
2,2025-01-14,ETS,45720.62383333,46742.83550279793,45139.080774636066,48346.59023095979,44290.05923400888,49195.61177158698
2,2025-01-08,DHR-Fourier,47114.19408333,46484.71862617072,44904.25313812992,48065.184114211515,44067.60524684905,48901.83200549238
2,2025-01-09,DHR-Fourier,46350.036375,46370.75686152612,44039.49112988236,48702.02259316988,42805.393597760376,49936.12012529186
2,2025-01-10,DHR-Fourier,45868.24904167,46051.76895583581,43251.15346423794,48852.38444743368,41768.59717745782,50334.9407342138
2,2025-01-11,DHR-Fourier,43162.15883333,42747.90138274871,39614.39891343181,45881.4038520656,37955.62290527787,47540.17986021954
2,2025-01-12,DHR-Fourier,39757.97575,39460.19034545022,36078.04547201631,42842.33521888412,34287.646125889085,44632.73456501135
2,2025-01-13,DHR-Fourier,45181.728125,44872.649107313504,41299.4768555515,48445.82135907551,39407.953723764615,50337.34449086239
2,2025-01-14,DHR-Fourier,45720.62383333,45822.1264108544,42099.59726080315,49544.655560905645,40129.009363004305,51515.24345870449
3,2025-01-15,SNaive7,46287.59545833,47114.19408333,,,,
3,2025-01-16,SNaive7,47722.29633333,46350.036375,,,,
3,2025-01-17,SNaive7,48887.67104167,45868.24904167,,,,
3,2025-01-18,SNaive7,46063.66275,43162.15883333,,,,
3,2025-01-19,SNaive7,43781.68758333,39757.97575,,,,
3,2025-01-20,SNaive7,50517.57879167,45181.728125,,,,
3,2025-01-21,SNaive7,53362.516375,45720.62383333,,,,
3,2025-01-15,SARIMA,46287.59545833,44624.960543762914,43037.021098801764,46212.899988724064,42196.416733719816,47053.50435380601
3,2025-01-16,SARIMA,47722.29633333,46279.62863740135,43992.0897957409,48567.1674790618,42781.13988093397,49778.11739386873
3,2025-01-17,SARIMA,48887.67104167,46291.62119192794,43633.02425031239,48950.21813354349,42225.6480426068,50357.594341249074
3,2025-01-18,SARIMA,46063.66275,43283.43933192916,40400.649069349245,46166.22959450908,38874.59208649012,47692.286577368206
3,2025-01-19,SARIMA,43781.68758333,39984.92447193606,36959.79011966695,43010.05882420517,35358.38072742216,44611.46821644995
3,2025-01-20,SARIMA,50517.57879167,45347.79010871757,42229.98738423156,48465.592833203584,40579.52231896489,50116.05789847025
3,2025-01-21,SARIMA,53362.516375,45415.19756816271,42236.199153114605,48594.19598321081,40553.33904610127,50277.05609022415
3,2025-01-15,ETS,46287.59545833,45861.05582985731,44260.432968223846,47461.67869149077,43413.06942560489,48309.04223410973
3,2025-01-16,ETS,47722.29633333,45896.30292905948,44295.680067426016,47496.92579069294,43448.31652480706,48344.2893333119
3,2025-01-17,ETS,48887.67104167,45553.312062957535,43952.68920132407,47153.934924591,43105.325658705115,48001.298467209956
3,2025-01-18,ETS,46063.66275,42139.413539336936,40538.79067770347,43740.0364009704,39691.427135084516,44587.39994358936
3,2025-01-19,ETS,43781.68758333,38754.0542941471,37153.43143251364,40354.67715578056,36306.06788989468,41202.04069839952
3,2025-01-20,ETS,50517.57879167,44632.36658032537,43031.743718691905,46232.98944195883,42184.38017607295,47080.35298457779
3,2025-01-21,ETS,53362.516375,45720.62384171572,44120.00098008226,47321.246703349185,43272.6374374633,48168.61024596814
3,2025-01-15,DHR-Fourier,46287.59545833,45588.28871239642,44009.78029027277,47166.797134520064,43174.16840710791,48002.40901768493
3,2025-01-16,DHR-Fourier,47722.29633333,45639.6295843937,43308.923211531896,47970.3359572555,42075.12178606263,49204.137382724766
3,2025-01-17,DHR-Fourier,48887.67104167,45467.70764160634,42663.36821986109,48272.047063351594,41178.84060353999,49756.574679672696
3,2025-01-18,DHR-Fourier,46063.66275,42302.7039251014,39160.099460425525,45445.308389777274,37496.505146980424,47108.902703222375
3,2025-01-19,DHR-Fourier,43781.68758333,39136.452375724126,35739.42156995231,42533.48318149594,33941.14208724856,44331.76266419969
3,2025-01-20,DHR-Fourier,50517.57879167,44658.21268602763,41064.32702663259,48252.09834542267,39161.83887919143,50154.58649286383
3,2025-01-21,DHR-Fourier,53362.516375,45703.36669528799,41954.46244756677,49452.2709430092,39969.912416450316,51436.82097412566
4,2025-01-22,SNaive7,54012.871,46287.59545833,,,,
4,2025-01-23,SNaive7,52777.585125,47722.29633333,,,,
4,2025-01-24,SNaive7,52024.59404167,48887.67104167,,,,
4,2025-01-25,SNaive7,48700.13366667,46063.66275,,,,
4,2025-01-26,SNaive7,44930.48495833,43781.68758333,,,,
4,2025-01-27,SNaive7,50163.15441667,50517.57879167,,,,
4,2025-01-28,SNaive7,50797.05908333,53362.516375,,,,
4,2025-01-22,SARIMA,54012.871,51907.206481420144,50317.98260824386,53496.43035459643,49476.69830793661,54337.71465490368
4,2025-01-23,SARIMA,52777.585125,52308.39942216346,50013.04365147251,54603.755192854405,48797.95570439651,55818.8431399304
4,2025-01-24,SARIMA,52024.59404167,51540.58078702877,48866.03724080577,54215.12433325177,47450.21941054095,55630.942163516585
4,2025-01-25,SARIMA,48700.13366667,47730.05996460971,44823.53324415304,50636.58668506638,43284.91093950782,52175.2089897116
4,2025-01-26,SARIMA,44930.48495833,43946.39802795024,40890.68244123419,47002.1136146663,39273.08432136048,48619.711734540004
4,2025-01-27,SARIMA,50163.15441667,49024.87121970573,45870.74599665756,52178.9964427539,44201.05296212612,53848.68947728534
4,2025-01-28,SARIMA,50797.05908333,49164.92126601294,45944.928711536646,52384.91382048924,44240.36761796777,54089.47491405811
4,2025-01-22,ETS,54012.871,53522.5182943835,51922.33074613046,55122.70584263655,51075.19765672882,55969.83893203818
4,2025-01-23,ETS,52777.585125,53565.79277330514,51965.605225052095,55165.980321558185,51118.47213565046,56013.11341095982
4,2025-01-24,ETS,52024.59404167,53168.5591431846,51568.37159493155,54768.74669143764,50721.23850552992,55615.87978083928
4,2025-01-25,ETS,48700.13366667,49182.29732334715,47582.109775094104,50782.484871600194,46734.97668569247,51629.61796100183
4,2025-01-26,ETS,44930.48495833,45232.85862934459,43632.67108109155,46833.04617759764,42785.53799168991,47680.17926699927
4,2025-01-27,ETS,50163.15441667,52087.76271367738,50487.575165424336,53687.950261930426,49640.4420760227,54535.08335133206
4,2025-01-28,ETS,50797.05908333,53362.51635102982,51762.32880277678,54962.70389928287,50915.19571337514,55809.8369886845
4,2025-01-22,DHR-Fourier,54012.871,53071.06741688031,51488.63168222644,54653.503151534176,50650.94080539062,55491.194028369995
4,2025-01-23,DHR-Fourier,52777.585125,52579.73399494395,50235.453525353085,54924.01446453481,48994.46640713042,56165.001582757475
4,2025-01-24,DHR-Fourier,52024.59404167,51905.71260628946,49075.54098738227,54735.88422519665,47577.33863191233,56234.08658066659
4,2025-01-25,DHR-Fourier,48700.13366667,48277.80688814135,45096.15227876935,51459.46149751335,43411.88606741729,53143.72770886541
4,2025-01-26,DHR-Fourier,44930.48495833,44688.306684459225,41238.839420100754,48137.773948817696,39412.8017529667,49963.81161595175
4,2025-01-27,DHR-Fourier,50163.15441667,49822.32535158375,46162.90426536467,53481.74643780283,44225.72375857026,55418.92694459724
4,2025-01-28,DHR-Fourier,50797.05908333,50513.57389207537,46686.59682645358,54340.55095769717,44660.71754205247,56366.43024209827
5,2025-01-29,SNaive7,50758.94829167,54012.871,,,,
5,2025-01-30,SNaive7,49544.85808333,52777.585125,,,,
5,2025-01-31,SNaive7,47953.30633333,52024.59404167,,,,
5,2025-02-01,SNaive7,44315.19225,48700.13366667,,,,
5,2025-02-02,SNaive7,41382.597875,44930.48495833,,,,
5,2025-02-03,SNaive7,48278.58741667,50163.15441667,,,,
5,2025-02-04,SNaive7,49895.70725,50797.05908333,,,,
5,2025-01-29,SARIMA,50758.94829167,49740.103867331185,48152.68496360573,51327.52277105664,47312.356156408765,52167.851578253605
5,2025-01-30,SARIMA,49544.85808333,50278.37905535037,47983.24953664525,52573.50857405549,46768.28136013575,53788.476750564994
5,2025-01-31,SARIMA,47953.30633333,49873.870613695086,47197.335754754524,52550.40547263565,45780.46378721266,53967.27744017751
5,2025-02-01,SARIMA,44315.19225,46448.07448123531,43537.330291890015,49358.8186705806,41996.47539407593,50899.67356839468
5,2025-02-02,SARIMA,41382.597875,42915.660309797844,39853.71649766575,45977.60412192994,38232.82135441496,47598.499265180726
5,2025-02-03,SARIMA,48278.58741667,48232.6358190973,45070.561669181334,51394.70996901326,43396.66072694662,53068.610911247975
5,2025-02-04,SARIMA,49895.70725,48634.13425996306,45404.76959310745,51863.49892681867,43695.24720293429,53573.02131699183
5,2025-01-29,ETS,50758.94829167,50954.94437266495,49356.72519127869,52553.16355405121,48510.63414767147,53399.25459765842
5,2025-01-30,ETS,49544.85808333,50989.55958884099,49391.34040745473,52587.77877022725,48545.24936384751,53433.86981383446
5,2025-01-31,ETS,47953.30633333,50611.3906407906,49013.171459404344,52209.60982217686,48167.08041579713,53055.70086578408
5,2025-02-01,ETS,44315.19225,46823.23104594667,45225.01186456041,48421.45022733293,44378.92082095319,49267.54127094014
5,2025-02-02,ETS,41382.597875,43066.94061423879,41468.72143285253,44665.15979562505,40622.630389245314,45511.25083923226
5,2025-02-03,ETS,48278.58741667,49585.219576821095,47987.000395434836,51183.438758207354,47140.90935182762,52029.52980181457
5,2025-02-04,ETS,49895.70725,50797.05909215237,49198.83991076611,52395.27827353863,48352.748867158894,53241.36931714584
5,2025-01-29,DHR-Fourier,50758.94829167,50451.2260089679,48869.45251402532,52032.999503910476,48032.1122057164,52870.33981221939
5,2025-01-30,DHR-Fourier,49544.85808333,50252.706119603106,47903.76357963122,52601.648659574996,46660.30851042651,53845.1037287797
5,2025-01-31,DHR-Fourier,47953.30633333,49843.38209251168,46998.944919838366,52687.819265185,45493.19083637012,54193.57334865324
5,2025-02-01,DHR-Fourier,44315.19225,46459.32193708784,43252.02762562233,49666.61624855336,41554.18857585531,51364.455298320376
5,2025-02-02,DHR-Fourier,41382.597875,43087.89218351523,39600.684691373644,46575.09967565681,37754.66855445955,48421.115812570904
5,2025-02-03,DHR-Fourier,48278.58741667,48419.80353760931,44710.39823963777,52129.20883558085,42746.757689472295,54092.849385746325
5,2025-02-04,DHR-Fourier,49895.70725,49288.5695261409,45399.57832607525,53177.560726206546,43340.87074190762,55236.26831037417
6,2025-02-05,SNaive7,50629.17516667,50758.94829167,,,,
6,2025-02-06,SNaive7,51543.79925,49544.85808333,,,,
6,2025-02-07,SNaive7,52244.18804167,47953.30633333,,,,
6,2025-02-08,SNaive7,47702.07045833,44315.19225,,,,
6,2025-02-09,SNaive7,44421.54570833,41382.597875,,,,
6,2025-02-10,SNaive7,51423.63775,48278.58741667,,,,
6,2025-02-11,SNaive7,52443.61104167,49895.70725,,,,
6,2025-02-05,SARIMA,50629.17516667,49272.09405494358,47685.93113978325,50858.25697010392,46846.267212770275,51697.92089711689
6,2025-02-06,SARIMA,51543.79925,49600.42325315856,47306.103582148455,51894.74292416866,46091.56411311244,53109.282393204674
6,2025-02-07,SARIMA,52244.18804167,49070.06793251105,46394.63744617463,51745.49841884746,44978.35009817521,53161.785766846886
6,2025-02-08,SARIMA,47702.07045833,45680.18365629141,42770.99698457236,48589.37032801046,41230.966586785325,50129.400725797495
6,2025-02-09,SARIMA,44421.54570833,42319.76788957884,39259.844985964286,45379.6907931934,37640.01964706067,46999.516132097015
6,2025-02-10,SARIMA,51423.63775,47977.05710772504,44817.424247329414,51136.68996812067,43144.81564570236,52809.29856974773
6,2025-02-11,SARIMA,52443.61104167,48643.34254412317,45416.77883990865,51869.906248337684,43708.73918979211,53577.94589845422
6,2025-02-05,ETS,50629.17516667,50050.3423821203,48454.46891631737,51646.21584792324,47609.61968545337,52491.06507878724
6,2025-02-06,ETS,51543.79925,50077.168148735305,48481.29468293237,51673.04161453824,47636.44545206837,52517.89084540224
6,2025-02-07,ETS,52244.18804167,49698.9318936356,48103.058427832664,51294.805359438535,47258.209196968666,52139.65459030253
6,2025-02-08,ETS,47702.07045833,45979.66729943483,44383.79383363189,47575.54076523776,43538.94460276789,48420.38999610176
6,2025-02-09,ETS,44421.54570833,42295.751311913256,40699.87784611032,43891.62477771619,39855.02861524632,44736.47400858019
6,2025-02-10,ETS,51423.63775,48701.96645436159,47106.09298855865,50297.83992016452,46261.243757694654,51142.68915102852
6,2025-02-11,ETS,52443.61104167,49895.707243536526,48299.83377773359,51491.58070933946,47454.98454686959,52336.42994020346
6,2025-02-05,DHR-Fourier,50629.17516667,49772.50744282277,48190.127005500755,51354.88788014478,47352.46540130419,52192.54948434135
6,2025-02-06,DHR-Fourier,51543.79925,49664.87911854575,47309.17962362283,52020.57861346867,46062.14763853225,53267.61059855925
6,2025-02-07,DHR-Fourier,52244.18804167,49333.37740366241,46472.72057203667,52194.03423528815,44958.38031977036,53708.37448755446
6,2025-02-08,DHR-Fourier,47702.07045833,46024.572090331305,42790.131860789814,49259.012319872796,41077.92263003055,50971.22155063206
6,2025-02-09,DHR-Fourier,44421.54570833,42723.17407870954,39197.2533880276,46249.09476939148,37330.743721727005,48115.604435692076
6,2025-02-10,DHR-Fourier,51423.63775,48122.57998371601,44362.73108464648,51882.428882785534,42372.38730508018,53872.77266235184
6,2025-02-11,DHR-Fourier,52443.61104167,49047.84685313721,45096.8220578288,52998.87164844562,43005.27587196999,55090.41783430443
7,2025-02-12,SNaive7,53277.41983333,50629.17516667,,,,
7,2025-02-13,SNaive7,53428.73670833,51543.79925,,,,
7,2025-02-14,SNaive7,52974.15508333,52244.18804167,,,,
7,2025-02-15,SNaive7,49033.897375,47702.07045833,,,,
7,2025-02-16,SNaive7,46368.36079167,44421.54570833,,,,
7,2025-02-17,SNaive7,54572.624875,51423.63775,,,,
7,2025-02-18,SNaive7,55584.89670833,52443.61104167,,,,
7,2025-02-12,SARIMA,53277.41983333,51601.59616319669,50016.06679180854,53187.12553458485,49176.738242609914,54026.45408378347
7,2025-02-13,SARIMA,53428.73670833,51688.86298279774,49393.940153693125,53983.78581190236,48179.08139204888,55198.644573546604
7,2025-02-14,SARIMA,52974.15508333,51093.07078705508,48415.23208437737,53770.909489732796,46997.669903653696,55188.47167045647
7,2025-02-15,SARIMA,49033.897375,47252.324121335645,44338.91344180544,50165.73480086585,42796.64698935305,51708.00125331824
7,2025-02-16,SARIMA,46368.36079167,43705.6099554188,40639.821729950585,46771.39818088701,39016.89147721134,48394.32843362625
7,2025-02-17,SARIMA,54572.624875,49440.504359627455,46273.60016083913,52607.40855841578,44597.142345180466,54283.866374074445
7,2025-02-18,SARIMA,55584.89670833,50031.94153704361,46796.9419336845,53266.94114040272,45084.436588313125,54979.4464857741
7,2025-02-12,ETS,53277.41983333,52607.69419785008,51014.486512395524,54200.90188330464,50171.04853532152,55044.33986037865
7,2025-02-13,ETS,53428.73670833,52639.57079319341,51046.36310773884,54232.778478647975,50202.925130664844,55076.21645572197
7,2025-02-14,ETS,52974.15508333,52247.123902682055,50653.916217227496,53840.331588136614,49810.47824015349,54683.76956521062
7,2025-02-15,ETS,49033.897375,48330.382787410366,46737.1751019558,49923.59047286493,45893.7371248818,50767.02844993893
7,2025-02-16,ETS,46368.36079167,44459.15925923313,42865.95157377857,46052.36694468769,42022.513596704564,46895.80492176169
7,2025-02-17,ETS,54572.624875,51192.68012185195,49599.47243639738,52785.88780730651,48756.03445932338,53629.32578438051
7,2025-02-18,ETS,55584.89670833,52443.611045195634,50850.403359741074,54036.81873065019,50006.96538266707,54880.2567077242
7,2025-02-12,DHR-Fourier,53277.41983333,52103.44090089986,50519.01902687551,53687.862774924215,49680.27675136716,54526.60505043257
7,2025-02-13,DHR-Fourier,53428.73670833,51880.751848587155,49516.617281277766,54244.886415896544,48265.12003859166,55496.38365858265
7,2025-02-14,DHR-Fourier,52974.15508333,51437.323507586705,48558.017102472346,54316.629912701064,47033.804362353185,55840.842652820225
7,2025-02-15,DHR-Fourier,49033.897375,48012.495828924904,44747.45509094934,51277.53656690047,43019.04692952869,53005.94472832112
7,2025-02-16,DHR-Fourier,46368.36079167,44605.33650589255,41036.023662801075,48174.64934898402,39146.54357855318,50064.129433231916
7,2025-02-17,DHR-Fourier,54572.624875,49910.526348347295,46094.17449514392,53726.87820155067,44073.91985843779,55747.1328382568
7,2025-02-18,DHR-Fourier,55584.89670833,50738.52508582761,46717.90429166352,54759.1458799917,44589.516209461646,56887.53396219358
8,2025-02-19,SNaive7,54696.46504167,53277.41983333,,,,
8,2025-02-20,SNaive7,55196.378625,53428.73670833,,,,
8,2025-02-21,SNaive7,54703.32383333,52974.15508333,,,,
8,2025-02-22,SNaive7,49920.81533333,49033.897375,,,,
8,2025-02-23,SNaive7,46244.20245833,46368.36079167,,,,
8,2025-02-24,SNaive7,53483.33475,54572.624875,,,,
8,2025-02-25,SNaive7,54124.661125,55584.89670833,,,,
8,2025-02-19,SARIMA,54696.46504167,54590.94994624615,53003.6275068345,56178.27238565781,52163.34976476064,57018.550127731665
8,2025-02-20,SARIMA,55196.378625,54251.48689810535,51950.97449519044,56551.99930102026,50733.15679190722,57769.817004303484
8,2025-02-21,SARIMA,54703.32383333,53319.78955040504,50632.87835129853,56006.70074951155,49210.51348107406,57429.06561973602
8,2025-02-22,SARIMA,49920.81533333,49155.74765670598,46230.18890623017,52081.306407181786,44681.491653474535,53630.00365993742
8,2025-02-23,SARIMA,46244.20245833,45518.85076168677,42438.297411071915,48599.40411230163,40807.55097322018,50230.15055015336
8,2025-02-24,SARIMA,53483.33475,51502.64312116309,48318.80644737433,54686.479794951854,46633.38512089529,56371.90112143089
8,2025-02-25,SARIMA,54124.661125,51997.34472884191,48743.654434392585,55251.03502329124,47021.25483482487,56973.43462285896
8,2025-02-19,ETS,54696.46504167,55760.63679608934,54169.93725146345,57351.33634071523,53327.82707442837,58193.44651775031
8,2025-02-20,ETS,55196.378625,55792.26076734759,54201.5612227217,57382.960311973475,53359.45104568662,58225.070489008554
8,2025-02-21,ETS,54703.32383333,55372.834627095035,53782.13508246915,56963.53417172092,52940.02490543407,57805.644348756
8,2025-02-22,ETS,49920.81533333,51218.691492335754,49627.99194770987,52809.39103696164,48785.88177067479,53651.50121399672
8,2025-02-23,ETS,46244.20245833,47121.805597789615,45531.10605316373,48712.5051424155,44688.99587612865,49554.61531945058
8,2025-02-24,ETS,53483.33475,54264.385865847646,52673.68632122176,55855.08541047353,51831.57614418668,56697.19558750861
8,2025-02-25,ETS,54124.661125,55584.8967130349,53994.19716840901,57175.596257660785,53152.08699137393,58017.706434695865
8,2025-02-19,DHR-Fourier,54696.46504167,55078.420334939714,53490.96851192223,56665.8721579572,52650.62227830471,57506.218391574715
8,2025-02-20,DHR-Fourier,55196.378625,54713.707693108394,52339.41026444846,57088.00512176833,51082.53312793825,58344.882258278536
8,2025-02-21,DHR-Fourier,54703.32383333,54130.21353753265,51230.09021915,57030.336855915295,49694.85767080302,58565.56940426227
8,2025-02-22,DHR-Fourier,49920.81533333,50568.94674432826,47270.73296358716,53867.16052506937,45524.764054091225,55613.1294345653
8,2025-02-23,DHR-Fourier,46244.20245833,47035.78432682711,43420.05052834457,50651.51812530965,41505.99667470211,52565.57197895211
8,2025-02-24,DHR-Fourier,53483.33475,52229.39765067388,48352.970287881944,56105.82501346582,46300.91359741682,58157.88170393095
8,2025-02-25,DHR-Fourier,54124.661125,52937.518417495034,48843.083109262065,57031.953725728,46675.619983657496,59199.41685133257
9,2025-02-26,SNaive7,54135.93466667,54696.46504167,,,,
9,2025-02-27,SNaive7,54235.00870833,55196.378625,,,,
9,2025-02-28,SNaive7,53663.72070833,54703.32383333,,,,
9,2025-03-01,SNaive7,48358.65675,49920.81533333,,,,
9,2025-03-02,SNaive7,45119.87858333,46244.20245833,,,,
9,2025-03-03,SNaive7,47856.34270833,53483.33475,,,,
9,2025-03-04,SNaive7,47364.22766667,54124.661125,,,,
9,2025-02-26,SARIMA,54135.93466667,53319.01415244001,51733.80545230718,54904.22285257284,50894.64665621711,55743.38164866291
9,2025-02-27,SARIMA,54235.00870833,53353.94842393852,51055.966118897435,55651.930728979605,49839.48776852441,56868.409079352634
9,2025-02-28,SARIMA,53663.72070833,52686.84936582425,50002.143485384826,55371.55524626368,48580.946040343864,56792.75269130464
9,2025-03-01,SARIMA,48358.65675,48558.443754032865,45634.55276909282,51482.33473897291,44086.738378082155,53030.149129983576
9,2025-03-02,SARIMA,45119.87858333,45041.285169952134,41961.826736159026,48120.74360374524,40331.65991226088,49750.910427643386
9,2025-03-03,SARIMA,47856.34270833,51368.02308020688,48184.746725495126,54551.29943491864,46499.62201401829,56236.424146395475
9,2025-03-04,SARIMA,47364.22766667,51978.71337739699,48725.11597170042,55232.31078309356,47002.76554446814,56954.661210325845
9,2025-02-26,ETS,54135.93466667,54289.29238064812,52701.44302492674,55877.1417363695,51860.84172685693,56717.74303443931
9,2025-02-27,ETS,54235.00870833,54324.93748801965,52737.08813229827,55912.78684374103,51896.48683422846,56753.388141810836
9,2025-02-28,ETS,53663.72070833,53917.410090154204,52329.560734432824,55505.259445875585,51488.95943636302,56345.86074394539
9,2025-03-01,ETS,48358.65675,49869.05327867189,48281.20392295051,51456.90263439327,47440.6026248807,52297.50393246308
9,2025-03-02,ETS,45119.87858333,45884.0745706469,44296.22521492552,47471.92392636828,43455.623916855715,48312.52522443809
9,2025-03-03,ETS,47856.34270833,52842.16971503031,51254.32035930893,54430.01907075169,50413.71906123912,55270.620368821496
9,2025-03-04,ETS,47364.22766667,54124.66113478598,52536.8117790646,55712.51049050736,51696.21048099479,56553.11178857717
9,2025-02-26,DHR-Fourier,54135.93466667,53668.54726580344,52080.18804945992,55256.906482146966,51239.36147083105,56097.733060775834
9,2025-02-27,DHR-Fourier,54235.00870833,53396.35982989493,51016.92004789372,55775.79961189614,49757.32071396019,57035.39894582967
9,2025-02-28,DHR-Fourier,53663.72070833,52893.33860224666,49980.573946048076,55806.10325844524,48438.64947768975,57348.027726803564
9,2025-03-01,DHR-Fourier,48358.65675,49399.71797122262,46079.75288338234,52719.6830590629,44322.26952744336,54477.166415001884
9,2025-03-02,DHR-Fourier,45119.87858333,45932.32654618849,42284.81775875685,49579.835333620125,40353.94324202438,51510.70985035259
9,2025-03-03,DHR-Fourier,47856.34270833,51195.4122388989,47276.68285636173,55114.141621436065,45202.232829322944,57188.59164847485
9,2025-03-04,DHR-Fourier,47364.22766667,51957.31417466476,47809.8193310727,56104.80901825682,45614.26818411845,58300.36016521107
10,2025-03-05,SNaive7,50744.58666667,54135.93466667,,,,
10,2025-03-06,SNaive7,52042.31520833,54235.00870833,,,,
10,2025-03-07,SNaive7,52164.23575,53663.72070833,,,,
10,2025-03-08,SNaive7,48480.89925,48358.65675,,,,
10,2025-03-09,SNaive7,45590.832375,45119.87858333,,,,
10,2025-03-10,SNaive7,52586.545625,47856.34270833,,,,
10,2025-03-11,SNaive7,53057.79045833,47364.22766667,,,,
10,2025-03-05,SARIMA,50744.58666667,47582.15824297488,45996.98477122213,49167.33171472763,45157.84462390999,50006.471862039776
10,2025-03-06,SARIMA,52042.31520833,48592.369399070136,46293.70622362974,50891.03257451053,45076.86744223931,52107.87135590096
10,2025-03-07,SARIMA,52164.23575,48742.825318873896,46055.70090561854,51429.94973212925,44633.22316664155,52852.427471106246
10,2025-03-08,SARIMA,48480.89925,45077.92165241495,42149.72901118771,48006.1142936422,40599.63746089142,49556.205843938485
10,2025-03-09,SARIMA,45590.832375,42168.42204288367,39082.90199674604,45253.9420890213,37449.52634910314,46887.317736664205
10,2025-03-10,SARIMA,52586.545625,48294.65375028504,45103.77526249382,51485.53223807626,43414.62622485592,53174.68127571416
10,2025-03-11,SARIMA,53057.79045833,49091.58308401191,45829.08601599854,52354.08015202528,44102.02439211767,54081.141775906144
10,2025-03-05,ETS,50744.58666667,47512.72157037542,45921.16947806671,49104.27366268413,45078.60796559085,49946.83517515999
10,2025-03-06,ETS,52042.31520833,47549.705183077385,45958.153090768676,49141.257275386095,45115.59157829281,49983.81878786196
10,2025-03-07,ETS,52164.23575,47197.40367074925,45605.85157844054,48788.95576305796,44763.29006596468,49631.51727553382
10,2025-03-08,ETS,48480.89925,43651.512973646626,42059.96088133792,45243.065065955336,41217.399368862054,46085.6265784312
10,2025-03-09,ETS,45590.832375,40173.500156241185,38581.948063932476,41765.052248549895,37739.38655145661,42607.61376102576
10,2025-03-10,ETS,52586.545625,46245.828058933424,44654.275966624715,47837.380151242134,43811.71445414885,48679.941663718
10,2025-03-11,ETS,53057.79045833,47364.22769124891,45772.6755989402,48955.77978355762,44930.11408646434,49798.34129603348
10,2025-03-05,DHR-Fourier,50744.58666667,47149.39120225751,45559.55638817666,48739.22601633836,44717.948675290405,49580.833729224614
10,2025-03-06,DHR-Fourier,52042.31520833,47177.12824667813,44792.198502711966,49562.05799064429,43529.692958465115,50824.56353489114
10,2025-03-07,DHR-Fourier,52164.23575,46955.511487994256,44031.098515185055,49879.92446080346,42483.00780048792,51428.01517550059
10,2025-03-08,DHR-Fourier,48480.89925,43719.67972075727,40380.78691124768,47058.57253026686,38613.28382470324,48826.07561681129
10,2025-03-09,DHR-Fourier,45590.832375,40504.65710934645,36830.27809510925,44179.03612358365,34885.179339527385,46124.13487916552
10,2025-03-10,DHR-Fourier,52586.545625,45993.46978683232,42039.543296286414,49947.396277378226,39946.46104575554,52040.4785279091
10,2025-03-11,DHR-Fourier,53057.79045833,46973.67015231194,42782.45694273268,51164.8833618912,40563.762690794356,53383.577613829526
11,2025-03-12,SNaive7,52207.535,50744.58666667,,,,
11,2025-03-13,SNaive7,52614.206,52042.31520833,,,,
11,2025-03-14,SNaive7,52025.99679167,52164.23575,,,,
11,2025-03-15,SNaive7,48471.10245833,48480.89925,,,,
11,2025-03-16,SNaive7,44230.10891667,45590.832375,,,,
11,2025-03-17,SNaive7,49762.941875,52586.545625,,,,
11,2025-03-18,SNaive7,50190.14729167,53057.79045833,,,,
11,2025-03-12,SARIMA,52207.535,53116.79027764665,51529.19547153759,54704.38508375571,50688.77354724353,55544.80700804977
11,2025-03-13,SARIMA,52614.206,53369.321889920706,51067.76789695856,55670.87588288285,49849.39880921095,56889.24497063046
11,2025-03-14,SARIMA,52025.99679167,52841.245064849485,50153.1965038982,55529.29362580077,48730.2295506822,56952.26057901677
11,2025-03-15,SARIMA,48471.10245833,48598.43848732915,45671.84579452423,51525.031180134065,44122.60120576164,53074.27576889666
11,2025-03-16,SARIMA,44230.10891667,45225.30619157601,42143.88836380277,48306.724019349254,40512.684299386514,49937.92808376551
11,2025-03-17,SARIMA,49762.941875,51119.357306870865,47934.837386991145,54303.877226750585,46249.05437187951,55989.66024186222
11,2025-03-18,SARIMA,50190.14729167,51526.28343879186,48272.07918790738,54780.487689676345,46549.40751623754,56503.15936134619
11,2025-03-12,ETS,52207.535,53239.194204168096,51646.6295269901,54831.75888134609,50803.531956006904,55674.85645232929
11,2025-03-13,ETS,52614.206,53284.08400211544,51691.51932493746,54876.64867929343,50848.42175395425,55719.746250276636
11,2025-03-14,ETS,52025.99679167,52888.00267316156,51295.437995983564,54480.56735033955,50452.340425000366,55323.66492132275
11,2025-03-15,ETS,48471.10245833,48911.05799418588,47318.49331700789,50503.622671363875,46475.39574602469,51346.72024234707
11,2025-03-16,ETS,44230.10891667,45014.91787760501,43422.353200427024,46607.482554783,42579.25562944382,47450.5801257662
11,2025-03-17,ETS,49762.941875,51814.89438405519,50222.32970687719,53407.45906123318,49379.232135893995,54250.55663221638
11,2025-03-18,ETS,50190.14729167,53057.790470104315,51465.22579292633,54650.3551472823,50622.12822194312,55493.45271826551
11,2025-03-12,DHR-Fourier,52207.535,52625.40581923073,51031.189933034,54219.62170542745,50187.263020661885,55063.54861779957
11,2025-03-13,DHR-Fourier,52614.206,52377.41133417124,49982.47613287171,54772.346535470766,48714.674019454185,56040.14864888829
11,2025-03-14,DHR-Fourier,52025.99679167,51888.23473408547,48946.92084601626,54829.548622154674,47389.88332721615,56386.58614095479
11,2025-03-15,DHR-Fourier,48471.10245833,48391.96194689306,45028.53238536844,51755.391508417684,43248.04032691188,53535.88356687424
11,2025-03-16,DHR-Fourier,44230.10891667,44930.893030256106,41223.888230765966,48637.897829746245,39261.5184277365,50600.267632775714
11,2025-03-17,DHR-Fourier,49762.941875,50189.45714017704,46194.55430718102,54184.35997317306,44079.780491245714,56299.13378910836
11,2025-03-18,DHR-Fourier,50190.14729167,50940.16037839413,46699.49676228709,55180.823994501174,44454.62504639431,57425.69571039396
12,2025-03-19,SNaive7,48664.72195833,52207.535,,,,
12,2025-03-20,SNaive7,47096.89608333,52614.206,,,,
12,2025-03-21,SNaive7,47240.64004167,52025.99679167,,,,
12,2025-03-22,SNaive7,44389.937125,48471.10245833,,,,
12,2025-03-23,SNaive7,42198.81875,44230.10891667,,,,
12,2025-03-24,SNaive7,48138.80125,49762.941875,,,,
12,2025-03-25,SNaive7,49075.49004167,50190.14729167,,,,
12,2025-03-19,SARIMA,48664.72195833,50496.20765388371,48912.641589118815,52079.7737186486,48074.35235166646,52918.062956100955
12,2025-03-20,SARIMA,47096.89608333,51180.16146496269,48884.3730515811,53475.94987834429,47669.05607729916,54691.26685262623
12,2025-03-21,SARIMA,47240.64004167,50975.91243238238,48293.87869758424,53657.94616718052,46874.09580099935,55077.72906376541
12,2025-03-22,SARIMA,44389.937125,47144.47684646794,44223.65076886761,50065.302924068266,42677.45884179694,51611.49485113893
12,2025-03-23,SARIMA,42198.81875,43844.04413940475,40767.96836637009,46920.11991243941,39139.592214911114,48548.49606389839
12,2025-03-24,SARIMA,48138.80125,49864.783925359625,46685.14428505328,53044.42356566597,45001.9447338925,54727.62311682675
12,2025-03-25,SARIMA,49075.49004167,50439.15902915207,47189.39931165441,53688.91874664973,45469.080433837975,55409.237624466165
12,2025-03-19,ETS,48664.72195833,50357.4902760918,48767.39809954012,51947.58245264347,47925.60946081076,52789.371091372836
12,2025-03-20,ETS,47096.89608333,50404.67332627484,48814.58114972316,51994.765502826514,47972.7925109938,52836.55414155588
12,2025-03-21,ETS,47240.64004167,50031.06137260082,48440.96919604915,51621.1535491525,47599.180557319785,52462.94218788186
12,2025-03-22,ETS,44389.937125,46273.7482746583,44683.65609810662,47863.84045120997,43841.86745937726,48705.629089939335
12,2025-03-23,ETS,42198.81875,42588.16325806547,40998.07108151379,44178.255434617146,40156.28244278443,45020.04407334651
12,2025-03-24,ETS,48138.80125,49016.79619178025,47426.70401522858,50606.88836833193,46584.915376499215,51448.67700706129
12,2025-03-25,ETS,49075.49004167,50190.14730305459,48600.05512650291,51780.239479606265,47758.26648777355,52622.02811833563
12,2025-03-19,DHR-Fourier,48664.72195833,49868.9082403522,48276.47156067865,51461.344920025746,47433.486503346736,52304.32997735766
12,2025-03-20,DHR-Fourier,47096.89608333,49706.54610039498,47312.15161618573,52100.940584604235,46044.63574110544,53368.45645968452
12,2025-03-21,DHR-Fourier,47240.64004167,49295.93599204726,46351.64845357262,52240.22353052191,44793.03677933544,53798.83520475909
12,2025-03-22,DHR-Fourier,44389.937125,45873.018558086216,42501.911084826716,49244.12603134572,40717.354585412075,51028.68253076036
12,2025-03-23,DHR-Fourier,42198.81875,42477.903469420104,38757.771437071984,46198.03550176822,36788.45249673323,48167.354442106975
12,2025-03-24,DHR-Fourier,48138.80125,47803.317142451415,43789.351536755596,51817.282748147234,41664.48649851779,53942.14778638504
12,2025-03-25,DHR-Fourier,49075.49004167,48614.47384473598,44348.49882151145,52880.448867960506,42090.22805606622,55138.71963340574
13,2025-03-26,SNaive7,49448.34595833,48664.72195833,,,,
13,2025-03-27,SNaive7,48582.57733333,47096.89608333,,,,
13,2025-03-28,SNaive7,49341.0985,47240.64004167,,,,
13,2025-03-29,SNaive7,46301.18475,44389.937125,,,,
13,2025-03-30,SNaive7,43139.132125,42198.81875,,,,
13,2025-03-31,SNaive7,49690.083375,48138.80125,,,,
13,2025-04-01,SNaive7,49972.799625,49075.49004167,,,,
13,2025-03-26,SARIMA,49448.34595833,49287.788184541896,47705.94194176375,50869.634427320045,46868.56312307692,51707.01324600687
13,2025-03-27,SARIMA,48582.57733333,49707.11211179982,47411.56369493905,52002.66052866059,46196.37376714093,53217.850456458706
13,2025-03-28,SARIMA,49341.0985,49682.284486674376,46998.961023707976,52365.60794964078,45578.495386272065,53786.07358707669
13,2025-03-29,SARIMA,46301.18475,46127.65673111348,43204.09460833313,49051.21885389383,41656.45430643388,50598.85915579308
13,2025-03-30,SARIMA,43139.132125,43109.784390110704,40029.69047107267,46189.87830914874,38399.18724160659,47820.38153861482
13,2025-03-31,SARIMA,49690.083375,49184.24327809988,45999.49388723428,52368.992668965475,44313.58939752046,54054.8971586793
13,2025-04-01,SARIMA,49972.799625,49882.264440515144,46626.491100388695,53138.03778064159,44902.98880304846,54861.54007798183
13,2025-03-26,ETS,49448.34595833,49229.982392753365,47640.75028612647,50819.21449938026,46799.41696508364,51660.54782042309
13,2025-03-27,ETS,48582.57733333,49267.79414876037,47678.562042133475,50857.02625538726,46837.22872109064,51698.35957643009
13,2025-03-28,ETS,49341.0985,48906.29497869001,47317.06287206312,50495.527085316906,46475.72955102029,51336.86040635974
13,2025-03-29,ETS,46301.18475,45238.369837949525,43649.13773132263,46827.60194457642,42807.8044102798,47668.93526561925
13,2025-03-30,ETS,43139.132125,41643.98493827633,40054.752831649435,43233.21704490322,39213.4195106066,44074.55036594605
13,2025-03-31,ETS,49690.083375,47928.519946406064,46339.28783977917,49517.75205303296,45497.95451873634,50359.08537407579
13,2025-04-01,ETS,49972.799625,49075.49004487842,47486.257938251525,50664.72215150531,46644.92461720869,51506.05547254814
13,2025-03-26,DHR-Fourier,49448.34595833,48830.54963887709,47238.706430416554,50422.39284733763,46396.035537767544,51265.06373998664
13,2025-03-27,DHR-Fourier,48582.57733333,48658.964636140045,46262.17205578198,51055.75721649811,44993.386705283745,52324.542566996344
13,2025-03-28,DHR-Fourier,49341.0985,48248.97633738709,45298.406308344194,51199.54636642998,43736.468884493566,52761.48379028061
13,2025-03-29,DHR-Fourier,46301.18475,44825.10848321416,41443.232588157996,48206.98437827032,39652.97563058291,49997.24133584541
13,2025-03-30,DHR-Fourier,43139.132125,41431.653183845054,37695.860592070254,45167.44577561985,35718.25145234419,47145.054915345914
13,2025-03-31,DHR-Fourier,49690.083375,46755.86413460331,42721.074295590755,50790.65397361587,40585.18557412555,52926.54269508107
13,2025-04-01,DHR-Fourier,49972.799625,47563.46084057023,43271.32465399877,51855.597027141695,40999.20500522562,54127.71667591484
14,2025-04-02,SNaive7,50439.638125,49448.34595833,,,,
14,2025-04-03,SNaive7,51374.09170833,48582.57733333,,,,
14,2025-04-04,SNaive7,50225.32808333,49341.0985,,,,
14,2025-04-05,SNaive7,42676.30391667,46301.18475,,,,
14,2025-04-06,SNaive7,37781.03958333,43139.132125,,,,
14,2025-04-07,SNaive7,43655.10104167,49690.083375,,,,
14,2025-04-08,SNaive7,45054.58695833,49972.799625,,,,
14,2025-04-02,SARIMA,50439.638125,49938.82003154412,48359.32156521956,51518.318497868684,47523.18558431309,52354.45447877515
14,2025-04-03,SARIMA,51374.09170833,50022.92377269454,47731.556765415844,52314.29077997324,46518.580342142755,53527.26720324633
14,2025-04-04,SARIMA,50225.32808333,50054.86590361782,47376.95305920543,52732.778748030214,45959.35163021823,54150.38017701741
14,2025-04-05,SARIMA,42676.30391667,46522.32222587489,43605.0943282698,49439.550123479974,42060.80716263065,50983.837289119125
14,2025-04-06,SARIMA,37781.03958333,43419.5465520003,40346.49949675926,46492.59360724134,38719.726651651785,48119.36645234881
14,2025-04-07,SARIMA,43655.10104167,49530.48077716246,46353.33137574452,52707.6301785804,44671.45007742162,54389.5114769033
14,2025-04-08,SARIMA,45054.58695833,50112.0602470035,46864.31570631251,53359.80478769449,45145.0635986588,55079.0568953482
14,2025-04-02,ETS,50439.638125,50130.75670593258,48543.91282775322,51717.60058411194,47703.843825599244,52557.66958626592
14,2025-04-03,ETS,51374.09170833,50163.25392699789,48576.41004881853,51750.09780517725,47736.34104666455,52590.166807331225
14,2025-04-04,ETS,50225.32808333,49800.953343833804,48214.109465654445,51387.79722201316,47374.04046350047,52227.86622416714
14,2025-04-05,ETS,42676.30391667,46069.10583684945,44482.26195867009,47655.94971502881,43642.19295651611,48496.018717182786
14,2025-04-06,ETS,37781.03958333,42411.0081780114,40824.16429983204,43997.85205619076,39984.09529767806,44837.921058344735
14,2025-04-07,ETS,43655.10104167,48810.87385705198,47224.02997887262,50397.71773523134,46383.96097671864,51237.786737385315
14,2025-04-08,ETS,45054.58695833,49972.79963841311,48385.95576023375,51559.64351659247,47545.886758079774,52399.71251874645
14,2025-04-02,DHR-Fourier,50439.638125,49534.97762680243,47943.91541426566,51126.039839339195,47101.65795588502,51968.29729771984
14,2025-04-03,DHR-Fourier,51374.09170833,49290.80587244941,46894.33502769747,51687.276717201355,45625.71999374106,52955.89175115776
14,2025-04-04,DHR-Fourier,50225.32808333,48820.73155049639,45868.187446204414,51773.27565478837,44305.20501004135,53336.258090951436
14,2025-04-05,DHR-Fourier,42676.30391667,45333.998364571264,41946.91658242282,48721.08014671971,40153.903794688216,50514.09293445431
14,2025-04-06,DHR-Fourier,37781.03958333,41879.35201490395,38134.52760435746,45624.17642545043,36152.13730858153,47606.566721226365
14,2025-04-07,DHR-Fourier,43655.10104167,47149.167076329795,43101.11839630485,51197.21575635474,40958.210868381815,53340.123284277775
14,2025-04-08,DHR-Fourier,45054.58695833,47896.74125451342,43586.84573213399,52206.636776892854,41305.32485886925,54488.15765015759
15,2025-04-09,SNaive7,46934.49116667,50439.638125,,,,
15,2025-04-10,SNaive7,46582.12154167,51374.09170833,,,,
15,2025-04-11,SNaive7,45012.83620833,50225.32808333,,,,
15,2025-04-12,SNaive7,42827.06975,42676.30391667,,,,
15,2025-04-13,SNaive7,40400.13691667,37781.03958333,,,,
15,2025-04-14,SNaive7,46186.83783333,43655.10104167,,,,
15,2025-04-15,SNaive7,46095.1755,45054.58695833,,,,
15,2025-04-09,SARIMA,46934.49116667,45996.70098063612,44415.11732004244,47578.284641229795,43577.87750396755,48415.52445730468
15,2025-04-10,SARIMA,46582.12154167,46896.88829495654,44596.98495472721,49196.791635185866,43379.489669753915,50414.28692015916
15,2025-04-11,SARIMA,45012.83620833,47265.96110001775,44575.28577011439,49956.636429921105,43150.928289410585,51380.99391062491
15,2025-04-12,SARIMA,42827.06975,43478.318323276544,40545.09628933464,46411.54035721845,38992.34233935864,47964.29430719445
15,2025-04-13,SARIMA,40400.13691667,40440.67315453036,37349.09013497568,43532.25617408504,35712.50494307973,45168.841365980996
15,2025-04-14,SARIMA,46186.83783333,46830.07724015022,43632.38598533597,50027.76849496447,41939.630486685965,51720.52399361447
15,2025-04-15,SARIMA,46095.1755,47827.093956217206,44557.230829681765,51096.95708275265,42826.26984996163,52827.91806247278
15,2025-04-09,ETS,46934.49116667,45202.066827791816,43612.73141771411,46791.40223786952,42771.34340822459,47632.790247359044
15,2025-04-10,ETS,46582.12154167,45239.67718771682,43650.341777639114,46829.01259779453,42808.95376814959,47670.40060728405
15,2025-04-11,ETS,45012.83620833,44912.10963050244,43322.77422042473,46501.44504058015,42481.38621093521,47342.83305006967
15,2025-04-12,ETS,42827.06975,41529.930616194186,39940.59520611648,43119.26602627189,39099.20719662696,43960.654035761414
15,2025-04-13,ETS,40400.13691667,38228.852560781605,36639.5171507039,39818.18797085931,35798.12914121438,40659.57598034883
15,2025-04-14,ETS,46186.83783333,44001.95844266518,42412.62303258747,45591.293852742885,41571.23502309795,46432.681862232406
15,2025-04-15,ETS,46095.1755,45054.586953037775,43465.25154296007,46643.92236311548,42623.86353347055,47485.310372605
15,2025-04-09,DHR-Fourier,46934.49116667,44944.25813878394,43350.261207665964,46538.25506990191,42506.45020311108,47382.066074456794
15,2025-04-10,DHR-Fourier,46582.12154167,44827.51944331942,42421.85538062895,47233.18350600989,41148.37375106476,48506.665135574076
15,2025-04-11,DHR-Fourier,45012.83620833,44473.80916323413,41507.02229115595,47440.596035312316,39936.50018916374,49011.118137304526
15,2025-04-12,DHR-Fourier,42827.06975,41082.48135444583,37676.42939784983,44488.53331104183,35873.37440636648,46291.58830252518
15,2025-04-13,DHR-Fourier,40400.13691667,37731.04039856206,33962.660884456796,41499.41991266732,31967.801270071588,43494.279527052524
15,2025-04-14,DHR-Fourier,46186.83783333,43109.456396631394,39033.35806440309,47185.5547288597,36875.60194753922,49343.31084572357
15,2025-04-15,DHR-Fourier,46095.1755,43962.245840722404,39619.88220328328,48304.609478161525,37321.17374812948,50603.31793331533
16,2025-04-16,SNaive7,45835.44991667,46934.49116667,,,,
16,2025-04-17,SNaive7,45272.78845833,46582.12154167,,,,
16,2025-04-18,SNaive7,40379.49491667,45012.83620833,,,,
16,2025-04-19,SNaive7,40563.36558333,42827.06975,,,,
16,2025-04-20,SNaive7,37423.33633333,40400.13691667,,,,
16,2025-04-21,SNaive7,38755.57283333,46186.83783333,,,,
16,2025-04-22,SNaive7,42627.27170833,46095.1755,,,,
16,2025-04-16,SARIMA,45835.44991667,46792.274254909324,45211.42143341816,48373.12707640049,44374.56850019431,49209.980009624334
16,2025-04-17,SARIMA,45272.78845833,47368.059040734246,45068.85426541364,49667.26381605485,43851.72877836521,50884.389303103286
16,2025-04-18,SARIMA,40379.49491667,47307.67634572637,44617.316561345266,49998.03613010748,43193.12612035083,51422.22657110191
16,2025-04-19,SARIMA,40563.36558333,43732.6905214466,40799.32124057168,46666.05980232153,39246.489342777815,48218.89170011539
16,2025-04-20,SARIMA,37423.33633333,40743.000094763185,37650.81750360475,43835.18268592162,36013.91491767409,45472.08527185228
16,2025-04-21,SARIMA,38755.57283333,46974.96477471588,43776.267753916865,50173.6617955149,42082.97983491561,51866.94971451615
16,2025-04-22,SARIMA,42627.27170833,47737.01723494658,44465.800279065945,51008.234190827214,42734.12262538148,52739.91184451168
16,2025-04-16,ETS,45835.44991667,46253.99156680454,44665.386090388296,47842.59704322079,43824.38450495161,48683.59862865748
16,2025-04-17,ETS,45272.78845833,46289.84157690564,44701.23610048939,47878.447053321885,43860.2345150527,48719.44863875857
16,2025-04-18,ETS,40379.49491667,45947.82421501826,44359.218738602016,47536.42969143451,43518.21715316533,48377.4312768712
16,2025-04-19,ETS,40563.36558333,42492.913743766105,40904.30826734986,44081.51922018235,40063.30668191317,44922.52080561904
16,2025-04-20,ETS,37423.33633333,39119.510372792356,37530.90489637611,40708.1158492086,36689.90331093942,41549.11743464529
16,2025-04-21,ETS,38755.57283333,45024.854253915466,43436.24877749922,46613.45973033171,42595.24719206253,47454.4613157684
16,2025-04-22,ETS,42627.27170833,46095.175517726515,44506.57004131027,47683.78099414276,43665.56845587358,48524.78257957945
16,2025-04-16,DHR-Fourier,45835.44991667,45686.30211491154,44092.4284823512,47280.175747471876,43248.68274811004,48123.921481713034
16,2025-04-17,DHR-Fourier,45272.78845833,45499.88419881479,43093.11158163478,47906.6568159948,41819.04311877176,49180.72527885782
16,2025-04-18,DHR-Fourier,40379.49491667,45076.809098135374,42107.04670900929,48046.571487261455,40534.949463439174,49618.668732831575
16,2025-04-19,DHR-Fourier,40563.36558333,41628.02884867317,38216.749255251336,45039.30844209501,36410.92691999502,46845.130777351325
16,2025-04-20,DHR-Fourier,37423.33633333,38220.66595133772,34444.54534242251,41996.786560252935,32445.58783997967,43995.744062695776
16,2025-04-21,DHR-Fourier,38755.57283333,43543.56990099665,39457.034465894554,47630.10533609874,37293.75328051351,49793.386521479784
16,2025-04-22,DHR-Fourier,42627.27170833,44337.45391922689,39981.83040456527,48693.07743388852,37676.102594417134,50998.80524403665
17,2025-04-23,SNaive7,43615.27054167,45835.44991667,,,,
17,2025-04-24,SNaive7,45304.77795833,45272.78845833,,,,
17,2025-04-25,SNaive7,46316.99791667,40379.49491667,,,,
17,2025-04-26,SNaive7,42749.83366667,40563.36558333,,,,
17,2025-04-27,SNaive7,39664.73845833,37423.33633333,,,,
17,2025-04-28,SNaive7,46112.70725,38755.57283333,,,,
17,2025-04-29,SNaive7,45316.10308333,42627.27170833,,,,
17,2025-04-23,SARIMA,43615.27054167,44523.92521444674,42919.290745948485,46128.55968294499,42069.84856925794,46978.00185963554
17,2025-04-24,SARIMA,45304.77795833,45226.220104501874,42901.09563005369,47551.344578950055,41670.24908311385,48782.1911258899
17,2025-04-25,SARIMA,46316.99791667,44565.329037053016,41847.31197067884,47283.34610342719,40408.48064898618,48722.17742511985
17,2025-04-26,SARIMA,42749.83366667,41911.63211544992,38949.49901513847,44873.76521576136,37381.44047110725,46441.82375979258
17,2025-04-27,SARIMA,39664.73845833,39094.721986036326,35973.0874380295,42216.35653404315,34320.593927920025,43868.85004415263
17,2025-04-28,SARIMA,46112.70725,44601.41664331101,41372.84447612868,47829.988810493334,39663.741609941026,49539.09167668099
17,2025-04-29,SARIMA,45316.10308333,46068.226678882456,42766.87794248616,49369.575415278756,41019.24948771193,51117.20387005298
17,2025-04-23,ETS,43615.27054167,42774.623778501606,41170.2942598694,44378.95329713381,40320.96842739378,45228.27912960943
17,2025-04-24,ETS,45304.77795833,42807.470811486346,41203.14129285414,44411.80033011855,40353.81546037852,45261.12616259417
17,2025-04-25,ETS,46316.99791667,42473.00304856974,40868.673529937536,44077.33256720195,40019.34769746192,44926.658399677566
17,2025-04-26,ETS,42749.83366667,39295.09317334433,37690.76365471212,40899.422691976535,36841.437822236505,41748.74852445215
17,2025-04-27,ETS,39664.73845833,36178.7921266367,34574.46260800449,37783.121645268904,33725.136775528874,38632.44747774452
17,2025-04-28,ETS,46112.70725,41623.65001371818,40019.32049508597,43227.979532350386,39169.994662610356,44077.305364826
17,2025-04-29,ETS,45316.10308333,42627.271664561835,41022.94214592963,44231.60118319404,40173.61631345401,45080.92701566966
17,2025-04-23,DHR-Fourier,43615.27054167,42997.19497295101,41385.4938547085,44608.89609119352,40532.31081961156,45462.07912629046
17,2025-04-24,DHR-Fourier,45304.77795833,42862.695637426536,40443.95562094606,45281.435653907014,39163.551999571435,46561.839275281636
17,2025-04-25,DHR-Fourier,46316.99791667,42473.75767499549,39493.56480741226,45453.95054257872,37915.94600007932,47031.56934991166
17,2025-04-26,DHR-Fourier,42749.83366667,39092.44840324667,35670.98679770458,42513.910008788764,33859.77443081906,44325.122375674284
17,2025-04-27,DHR-Fourier,39664.73845833,35736.55528421504,31949.88040084653,39523.230167583555,29945.33580299909,41527.774765431
17,2025-04-28,DHR-Fourier,46112.70725,41091.020826591186,36993.1960948077,45188.84555837467,34823.938716758115,47358.10293642426
17,2025-04-29,DHR-Fourier,45316.10308333,41946.95557227613,37579.074289265,46314.836855287256,35266.85760851574,48627.05353603652
18,2025-04-30,SNaive7,43767.0415,43615.27054167,,,,
18,2025-05-01,SNaive7,39260.50120833,45304.77795833,,,,
18,2025-05-02,SNaive7,40965.45766667,46316.99791667,,,,
18,2025-05-03,SNaive7,38892.90241667,42749.83366667,,,,
18,2025-05-04,SNaive7,36659.79220833,39664.73845833,,,,
18,2025-05-05,SNaive7,42296.1825,46112.70725,,,,
18,2025-05-06,SNaive7,43523.02254167,45316.10308333,,,,
18,2025-04-30,SARIMA,43767.0415,45642.78025381316,44041.4639916698,47244.09651595652,43193.778367318206,48091.78214030811
18,2025-05-01,SARIMA,39260.50120833,46321.9910533751,44003.32474277818,48640.65736397202,42775.89694127036,49868.085165479846
18,2025-05-02,SARIMA,40965.45766667,45818.4904268997,43105.94414189006,48531.036711909335,41670.008876914195,49966.9719768852
18,2025-05-03,SARIMA,38892.90241667,42833.84040710713,39875.04643076728,45792.63438344697,38308.75551219243,47358.925302021824
18,2025-05-04,SARIMA,36659.79220833,39848.995078531625,36728.31369371382,42969.67646334943,35076.324757717586,44621.665399345664
18,2025-05-05,SARIMA,42296.1825,45454.535294200505,42224.637686495655,48684.432901905355,40514.8331744786,50394.23741392241
18,2025-05-06,SARIMA,43523.02254167,46423.64586597979,43118.948004756094,49728.34372720349,41369.54663039224,51477.74510156735
18,2025-04-30,ETS,43767.0415,45474.99923576318,43871.233849179385,47078.76462234697,43022.20666602491,47927.791805501445
18,2025-05-01,ETS,39260.50120833,45515.995408969226,43912.23002238543,47119.76079555302,43063.20283923096,47968.78797870749
18,2025-05-02,ETS,40965.45766667,45165.29910175977,43561.533715175974,46769.06448834356,42712.5065320215,47618.091671498034
18,2025-05-03,ETS,38892.90241667,41783.709421880696,40179.9440352969,43387.47480846449,39330.91685214243,44236.50199161896
18,2025-05-04,ETS,36659.79220833,38469.66365957752,36865.89827299373,40073.42904616131,36016.87108983925,40922.45622931579
18,2025-05-05,ETS,42296.1825,44260.02991218862,42656.26452560483,45863.79529877241,41807.23734245035,46712.82248192689
18,2025-05-06,ETS,43523.02254167,45316.10311159577,43712.337725011974,46919.86849817956,42863.3105418575,47768.895681334034
18,2025-04-30,DHR-Fourier,43767.0415,44757.46770732608,43145.6979500723,46369.23746457986,42292.47857967765,47222.45683497452
18,2025-05-01,DHR-Fourier,39260.50120833,44541.050248200605,42119.895021013755,46962.205475387454,40838.21286432167,48243.88763207954
18,2025-05-02,DHR-Fourier,40965.45766667,44073.84252361259,41089.239996586744,47058.44505063844,39509.28685655128,48638.3981906739
18,2025-05-03,DHR-Fourier,38892.90241667,40609.374443273664,37181.54946807581,44037.199418471515,35366.96853677417,45851.78034977316
18,2025-05-04,DHR-Fourier,36659.79220833,37176.00547972886,33381.00682590213,40971.004133555594,31372.055890140906,42979.95506931681
18,2025-05-05,DHR-Fourier,42296.1825,42460.18724668908,38352.06606255466,46568.3084308235,36177.358071877155,48743.016421501
18,2025-05-06,DHR-Fourier,43523.02254167,43237.13160925363,38856.97368124276,47617.2895372645,36538.25813719737,49936.005081309886
19,2025-05-07,SNaive7,44369.300625,43767.0415,,,,
19,2025-05-08,SNaive7,44793.75525,39260.50120833,,,,
19,2025-05-09,SNaive7,46114.91866667,40965.45766667,,,,
19,2025-05-10,SNaive7,43340.58779167,38892.90241667,,,,
19,2025-05-11,SNaive7,37634.59075,36659.79220833,,,,
19,2025-05-12,SNaive7,42095.758375,42296.1825,,,,
19,2025-05-13,SNaive7,42805.527625,43523.02254167,,,,
19,2025-05-07,SARIMA,44369.300625,44158.68838221716,42549.15214209943,45768.224622334885,41697.115124256066,46620.26164017825
19,2025-05-08,SARIMA,44793.75525,44116.60725099049,41785.73009010678,46447.484411874204,40551.83825491996,47681.37624706102
19,2025-05-09,SARIMA,46114.91866667,44147.94145026285,41420.318758662695,46875.564141863004,39976.4025261317,48319.480374394
19,2025-05-10,SARIMA,43340.58779167,41453.6753092903,38477.608160887794,44429.74245769281,36902.173377362196,46005.17724121841
19,2025-05-11,SARIMA,37634.59075,38708.35437689335,35568.68549243128,41848.023261355425,33906.64518128116,43510.06357250555
19,2025-05-12,SARIMA,42095.758375,44407.56907084048,41157.341155425085,47657.796986255875,39436.77442860244,49378.36371307852
19,2025-05-13,SARIMA,42805.527625,45498.91514420476,42172.83689931665,48824.993389092866,40412.11743351521,50585.71285489431
19,2025-05-07,ETS,44369.300625,43669.01075235517,42059.342899107934,45278.67860560241,41207.190972966215,46130.830531744126
19,2025-05-08,ETS,44793.75525,43689.50321746501,42079.835364217775,45299.17107071225,41227.683438076056,46151.32299685397
19,2025-05-09,ETS,46114.91866667,43362.19235243665,41752.524499189414,44971.860205683886,40900.372573047694,45824.012131825606
19,2025-05-10,ETS,43340.58779167,40121.11982625678,38511.45197300954,41730.787679504014,37659.30004686782,42582.93960564573
19,2025-05-11,ETS,37634.59075,36944.059965099375,35334.39211185214,38553.72781834661,34482.24018571042,39405.87974448833
19,2025-05-12,ETS,42095.758375,42506.593893594276,40896.92604034704,44116.26174684151,40044.77411420532,44968.41367298323
19,2025-05-13,ETS,42805.527625,43523.02253845965,41913.35468521241,45132.690391706885,41061.20275907069,45984.842317848605
19,2025-05-07,DHR-Fourier,44369.300625,43316.997975135084,41699.70027495499,44934.29567531518,40843.554588340565,45790.4413619296
19,2025-05-08,DHR-Fourier,44793.75525,43104.38086264197,40675.80213659893,45532.95958868501,39390.19021699146,46818.57150829248
19,2025-05-09,DHR-Fourier,46114.91866667,42671.12300488543,39677.39176801351,45664.85424175734,38092.606180891664,47249.63982887919
19,2025-05-10,DHR-Fourier,43340.58779167,39235.89705628038,35797.37776117425,42674.41635138651,33977.135598882334,44494.65851367843
19,2025-05-11,DHR-Fourier,37634.59075,35831.08285125399,32023.92305838544,39638.24264412253,30008.53440448871,41653.63129801927
19,2025-05-12,DHR-Fourier,42095.758375,41140.243622325244,37018.570579694264,45261.916664956225,34836.688668472554,47443.798576177935
19,2025-05-13,DHR-Fourier,42805.527625,41942.75948535842,37547.72177675722,46337.797193959625,35221.12935267376,48664.38961804309
20,2025-05-14,SNaive7,42054.66558333,44369.300625,,,,
20,2025-05-15,SNaive7,42459.98904167,44793.75525,,,,
20,2025-05-16,SNaive7,42921.19383333,46114.91866667,,,,
20,2025-05-17,SNaive7,40632.53891667,43340.58779167,,,,
20,2025-05-18,SNaive7,37641.51725,37634.59075,,,,
20,2025-05-19,SNaive7,43674.58854167,42095.758375,,,,
20,2025-05-20,SNaive7,44395.49533333,42805.527625,,,,
20,2025-05-14,SARIMA,42054.66558333,43497.22250253176,41887.74381683702,45106.7011882265,41035.737266464785,45958.707738598736
20,2025-05-15,SARIMA,42459.98904167,43645.832567648446,41313.50620196623,45978.15893333066,40078.84720409988,47212.81793119701
20,2025-05-16,SARIMA,42921.19383333,43997.03017486932,41267.73677458449,46726.32357515414,39822.9361222996,48171.12422743903
20,2025-05-17,SARIMA,40632.53891667,41369.52387929638,38391.946909781225,44347.10084881153,36815.71287523771,45923.33488335505
20,2025-05-18,SARIMA,37641.51725,38173.192636509535,35032.30829249246,41314.07698052661,33369.624555920316,42976.760717098754
20,2025-05-19,SARIMA,43674.58854167,43709.97378474958,40458.856057861056,46961.0915116381,38737.81829329779,48682.12927620137
20,2025-05-20,SARIMA,44395.49533333,44781.410248407694,41454.7532015695,48108.067295245884,39693.727336523865,49869.09316029152
20,2025-05-14,ETS,42054.66558333,42952.640289254814,41343.14132823652,44562.13925027311,40491.07881298656,45414.20176552307
20,2025-05-15,ETS,42459.98904167,42975.030686944796,41365.5317259265,44584.52964796309,40513.46921067654,45436.59216321305
20,2025-05-16,ETS,42921.19383333,42660.84606465056,41051.347103632266,44270.34502566886,40199.28458838231,45122.407540918815
20,2025-05-17,ETS,40632.53891667,39475.82447205278,37866.32551103448,41085.32343307108,37014.26299578453,41937.38594832103
20,2025-05-18,ETS,37641.51725,36339.8366596662,34730.337698647905,37949.3356206845,33878.27518339795,38801.398135934454
20,2025-05-19,ETS,43674.58854167,41806.59471797245,40197.09575695416,43416.09367899075,39345.0332417042,44268.156194240706
20,2025-05-20,ETS,44395.49533333,42805.52762941183,41196.028668393534,44415.02659043013,40343.96615314358,45267.08910568008
20,2025-05-14,DHR-Fourier,42054.66558333,42547.429343153715,40930.415155811075,44164.443530496355,40074.419551827006,45020.439134480424
20,2025-05-15,DHR-Fourier,42459.98904167,42347.04607784114,39917.02927728107,44777.062878401215,38630.65608700917,46063.436068673116
20,2025-05-16,DHR-Fourier,42921.19383333,41932.78180210435,38936.256422337436,44929.30718187126,37349.99170531447,46515.57189889423
20,2025-05-17,DHR-Fourier,40632.53891667,38511.105863097044,35068.5092430321,41953.702483161986,33246.108675286436,43776.10305090765
20,2025-05-18,DHR-Fourier,37641.51725,35107.415585444745,31294.915115279156,38919.91605561034,29276.699277598666,40938.131893290825
20,2025-05-19,DHR-Fourier,43674.58854167,40424.6196089179,36296.34931518325,44552.88990265255,34110.97503018564,46738.26418765016
20,2025-05-20,DHR-Fourier,44395.49533333,41239.01658899807,36836.12984442902,45641.90333356712,34505.38239169053,47972.65078630561
21,2025-05-21,SNaive7,44729.528875,42054.66558333,,,,
21,2025-05-22,SNaive7,44692.74208333,42459.98904167,,,,
21,2025-05-23,SNaive7,44286.87695833,42921.19383333,,,,
21,2025-05-24,SNaive7,40164.14704167,40632.53891667,,,,
21,2025-05-25,SNaive7,36510.313,37641.51725,,,,
21,2025-05-26,SNaive7,42070.78854167,43674.58854167,,,,
21,2025-05-27,SNaive7,43154.15933333,44395.49533333,,,,
21,2025-05-21,SARIMA,44729.528875,44589.46717881572,42983.076609667216,46195.857747964226,42132.704809446754,47046.22954818469
21,2025-05-22,SARIMA,44692.74208333,44571.55291757158,42243.49616187689,46899.60967326627,41011.09735900985,48132.008476133306
21,2025-05-23,SARIMA,44286.87695833,44759.93861755091,42034.95432701294,47484.92290808888,40592.43477963689,48927.44245546494
21,2025-05-24,SARIMA,40164.14704167,42037.4937701528,39063.8869299633,45011.100610342306,37489.7545549331,46585.23298537251
21,2025-05-25,SARIMA,36510.313,38752.00452285177,35614.625294974685,41889.383750728855,33953.79705480496,43550.21199089858
21,2025-05-26,SARIMA,42070.78854167,44271.425555187314,41023.33223773009,47519.51887264454,39303.89549880907,49238.95561156556
21,2025-05-27,SARIMA,43154.15933333,45192.416082666015,41868.3372236112,48516.49494172083,40108.676168736114,50276.15599659592
21,2025-05-21,ETS,44729.528875,44543.196956506574,42936.37134901553,46150.02256399762,42085.72409676713,47000.669816246016
21,2025-05-22,ETS,44692.74208333,44567.15923455386,42960.33362706281,46173.984842044905,42109.68637481442,47024.6320942933
21,2025-05-23,ETS,44286.87695833,44243.78213001238,42636.95652252134,45850.60773750343,41786.30927027294,46701.254989751826
21,2025-05-24,ETS,40164.14704167,40943.607733773264,39336.78212628222,42550.43334126431,38486.13487403382,43401.08059351271
21,2025-05-25,ETS,36510.313,37691.01982851343,36084.194221022386,39297.84543600448,35233.54696877399,40148.492688252874
21,2025-05-26,ETS,42070.78854167,43361.806117115426,41754.98050962438,44968.63172460647,40904.33325737598,45819.27897685487
21,2025-05-27,ETS,43154.15933333,44395.49533810193,42788.66973061088,46002.320945592975,41938.02247836249,46852.96819784137
21,2025-05-21,DHR-Fourier,44729.528875,44046.22290666908,42431.3659614301,45661.079851908056,41576.5123324342,46515.93348090396
21,2025-05-22,DHR-Fourier,44692.74208333,43790.40375335794,41362.818589197836,46217.98891751804,40077.73262948034,47503.07487723554
21,2025-05-23,DHR-Fourier,44286.87695833,43325.7174915709,40331.50465740217,46319.930325739624,38746.46412807128,47904.97085507051
21,2025-05-24,DHR-Fourier,40164.14704167,39856.47413697956,36415.830444728286,43297.11782923083,34594.46369451896,45118.484579440155
21,2025-05-25,DHR-Fourier,36510.313,36404.693830282355,32593.6217485837,40215.76591198101,30576.162054082437,42233.22560648227
21,2025-05-26,DHR-Fourier,42070.78854167,41677.65973963846,37550.17388342794,45805.14559584898,35365.214854571874,47990.10462470505
21,2025-05-27,DHR-Fourier,43154.15933333,42446.71922754397,38043.88430988941,46849.55414519853,35713.164292662186,49180.27416242575
22,2025-05-28,SNaive7,43255.349375,44729.528875,,,,
22,2025-05-29,SNaive7,41524.10066667,44692.74208333,,,,
22,2025-05-30,SNaive7,41642.29708333,44286.87695833,,,,
22,2025-05-31,SNaive7,38984.54979167,40164.14704167,,,,
22,2025-06-01,SNaive7,36067.29995833,36510.313,,,,
22,2025-06-02,SNaive7,41937.34091667,42070.78854167,,,,
22,2025-06-03,SNaive7,43692.55658333,43154.15933333,,,,
22,2025-05-28,SARIMA,43255.349375,43617.951338486106,42014.60406293578,45221.29861403643,41165.84328503167,46070.059391940544
22,2025-05-29,SARIMA,41524.10066667,43757.63827376415,41433.22678050898,46082.049767019314,40202.757663013916,47312.51888451438
22,2025-05-30,SARIMA,41642.29708333,43975.780371102956,41254.3447157452,46697.21602646071,39813.703702359875,48137.857039846036
22,2025-05-31,SARIMA,38984.54979167,41121.99247710283,38151.595882752015,44092.38907145365,36579.162909215716,45664.822044989945
22,2025-06-01,SARIMA,36067.29995833,37868.664967590434,34734.08411382871,41003.24582135216,33074.73724343286,42662.59269174801
22,2025-06-02,SARIMA,41937.34091667,43476.30280478929,40230.597984542925,46722.00762503565,38512.42563966906,48440.17996990951
22,2025-06-03,SARIMA,43692.55658333,44492.46005342875,41170.39587544037,47814.524231417134,39411.801328298985,49573.11877855852
22,2025-05-28,ETS,43255.349375,43299.25745622079,41695.63345217088,44902.8814602707,40846.68111638217,45751.83379605941
22,2025-05-29,ETS,41524.10066667,43323.01561239028,41719.39160834037,44926.63961644019,40870.43927255166,45775.5919522289
22,2025-05-30,ETS,41642.29708333,43009.03343827165,41405.409434221736,44612.65744232156,40556.45709843303,45461.609778110265
22,2025-05-31,ETS,38984.54979167,39798.087697148396,38194.463693098485,41401.71170119831,37345.51135730978,42250.664036987015
22,2025-06-01,ETS,36067.29995833,36635.33059369796,35031.70658964805,38238.95459774787,34182.75425385934,39087.90693353658
22,2025-06-02,ETS,41937.34091667,42148.3333279768,40544.70932392689,43751.95733202671,39695.75698813818,44600.90966781542
22,2025-06-03,ETS,43692.55658333,43154.15933214692,41550.53532809701,44757.78333619683,40701.5829923083,45606.73567198554
22,2025-05-28,DHR-Fourier,43255.349375,42907.01423093543,41295.505849554356,44518.5226123165,40442.42484318877,45371.603618682086
22,2025-05-29,DHR-Fourier,41524.10066667,42687.149319079785,40264.644799846355,45109.653838313214,38982.24837109074,46392.05026706883
22,2025-05-30,DHR-Fourier,41642.29708333,42258.11934687914,39269.881798383496,45246.35689537478,37688.004394217955,46828.23429954032
22,2025-05-31,DHR-Fourier,38984.54979167,38820.37224494944,35386.189067258456,42254.55542264042,33568.24230687135,44072.50218302753
22,2025-06-01,DHR-Fourier,36067.29995833,35401.698004759084,31597.311593546157,39206.084415972015,29583.391079214285,41220.00493030388
22,2025-06-02,DHR-Fourier,41937.34091667,40709.54208235114,36588.78366263112,44830.30050207116,34407.38592353184,47011.69824117044
22,2025-06-03,DHR-Fourier,43692.55658333,41513.235647398986,37117.033479580736,45909.437815217236,34789.824628023336,48236.646666774635
23,2025-06-04,SNaive7,44160.42291667,43255.349375,,,,
23,2025-06-05,SNaive7,44661.5405,41524.10066667,,,,
23,2025-06-06,SNaive7,44631.0585,41642.29708333,,,,
23,2025-06-07,SNaive7,41515.36116667,38984.54979167,,,,
23,2025-06-08,SNaive7,38129.9915,36067.29995833,,,,
23,2025-06-09,SNaive7,43324.72208333,41937.34091667,,,,
23,2025-06-10,SNaive7,43290.95075,43692.55658333,,,,
23,2025-06-04,SARIMA,44160.42291667,44134.54539077965,42533.10785790799,45735.9829236513,41685.35803671068,46583.73274484862
23,2025-06-05,SARIMA,44661.5405,43853.94907573692,41532.06037455965,46175.83777691419,40302.926742520045,47404.971408953796
23,2025-06-06,SARIMA,44631.0585,43976.956300416714,41258.35918110032,46695.55341973311,39819.22079792824,48134.69180290519
23,2025-06-07,SARIMA,41515.36116667,41091.920111153486,38124.53843443244,44059.30178787453,36553.70146188219,45630.13876042478
23,2025-06-08,SARIMA,38129.9915,37840.198480870306,34708.73298876464,40971.66397297597,33051.0352912105,42629.36167053011
23,2025-06-09,SARIMA,43324.72208333,43445.50469567334,40202.971858025274,46688.03753332141,38486.478659309374,48404.53073203731
23,2025-06-10,SARIMA,43290.95075,44550.96073987964,41232.099346150506,47869.82213360878,39475.20025058145,49626.721229177834
23,2025-06-04,ETS,44160.42291667,43838.99974494171,42237.510183773105,45440.48930611032,41389.68781377758,46288.31167610585
23,2025-06-05,ETS,44661.5405,43855.169569941616,42253.68000877301,45456.659131110224,41405.85763877748,46304.48150110575
23,2025-06-06,ETS,44631.0585,43538.78527975381,41937.2957185852,45140.274840922415,41089.47334858967,45988.09721091794
23,2025-06-07,ETS,41515.36116667,40289.92864213316,38688.439080964556,41891.41820330177,37840.61671096903,42739.2405732973
23,2025-06-08,ETS,38129.9915,37088.522087708385,35487.03252653978,38690.01164887699,34639.21015654425,39537.83401887252
23,2025-06-09,ETS,43324.72208333,42671.288238831265,41069.79867766266,44272.77779999987,40221.97630766713,45120.6001699954
23,2025-06-10,ETS,43290.95075,43692.55657213158,42091.06701096297,45294.04613330019,41243.244640967445,46141.868503295715
23,2025-06-04,DHR-Fourier,44160.42291667,43525.47144263409,41915.89106103874,45135.051824229435,41063.83067610862,45987.11220915955
23,2025-06-05,DHR-Fourier,44661.5405,43282.891648624456,40863.4481499051,45702.33514734381,39582.67212752826,46983.11116972065
23,2025-06-06,DHR-Fourier,44631.0585,42841.83756997626,39857.186332384415,45826.48880756811,38277.20740653292,47406.4677334196
23,2025-06-07,DHR-Fourier,41515.36116667,39393.73977284606,35963.37780473936,42824.101740952756,34147.45387051646,44640.02567517565
23,2025-06-08,DHR-Fourier,38129.9915,35964.61310208976,32164.09976209061,39765.126442088906,30152.229527811236,41776.99667636828
23,2025-06-09,DHR-Fourier,43324.72208333,41263.31561046896,37146.35371792712,45380.2775030108,34966.96573891551,47559.665482022414
23,2025-06-10,DHR-Fourier,43290.95075,42060.54552413959,37667.968295761246,46453.122752517935,35342.67837122969,48778.41267704949
24,2025-06-11,SNaive7,42202.64304167,44160.42291667,,,,
24,2025-06-12,SNaive7,41212.13825,44661.5405,,,,
24,2025-06-13,SNaive7,40627.41325,44631.0585,,,,
24,2025-06-14,SNaive7,38458.80554167,41515.36116667,,,,
24,2025-06-15,SNaive7,35887.06008333,38129.9915,,,,
24,2025-06-16,SNaive7,41334.69070833,43324.72208333,,,,
24,2025-06-17,SNaive7,42026.39933333,43290.95075,,,,
24,2025-06-11,SARIMA,42202.64304167,43490.02897051936,41891.89615000973,45088.161791028986,41045.89573786304,45934.16220317568
24,2025-06-12,SARIMA,41212.13825,43451.9836452152,41134.65535987988,45769.311930550524,39907.9358661599,46996.0314242705
24,2025-06-13,SARIMA,40627.41325,43635.25325306937,40921.60078032489,46348.90572581386,39485.07993493444,47785.426571204305
24,2025-06-14,SARIMA,38458.80554167,40783.07327924363,37820.68895007538,43745.45760841188,36252.49741352085,45313.64914496642
24,2025-06-15,SARIMA,35887.06008333,37571.22558532143,34444.66588319144,40697.78528745142,32789.56515397939,42352.88601666347
24,2025-06-16,SARIMA,41334.69070833,43158.91754698405,39921.14107894618,46396.694015021916,38207.165750208864,48110.66934375923
24,2025-06-17,SARIMA,42026.39933333,44110.91029313197,40796.64115142055,47425.1794348434,39042.17304722456,49179.64753903938
24,2025-06-11,ETS,42202.64304167,43437.71031224657,41839.07562830971,45036.344996183434,40992.76461926173,45882.65600523141
24,2025-06-12,ETS,41212.13825,43456.068600080616,41857.43391614375,45054.70328401748,41011.12290709578,45901.014293065455
24,2025-06-13,ETS,40627.41325,43144.06338735779,41545.42870342093,44742.69807129465,40699.11769437295,45589.00908034263
24,2025-06-14,ETS,38458.80554167,39925.866687361005,38327.23200342414,41524.50137129787,37480.92099437617,42370.812380345844
24,2025-06-15,ETS,35887.06008333,36753.30016349943,35154.665479562565,38351.93484743629,34308.35447051459,39198.24585648427
24,2025-06-16,ETS,41334.69070833,42283.42717499168,40684.79249105482,43882.061858928544,39838.48148200684,44728.37286797652
24,2025-06-17,ETS,42026.39933333,43290.950765886235,41692.31608194937,44889.5854498231,40846.0050729014,45735.89645887107
24,2025-06-11,DHR-Fourier,42202.64304167,42891.59575431206,41285.13007373234,44498.06143489178,40434.718511922,45348.47299670212
24,2025-06-12,DHR-Fourier,41212.13825,42681.89589927894,40266.46538452656,45097.326414031326,38987.813707539804,46375.97809101808
24,2025-06-13,DHR-Fourier,40627.41325,42272.129765031365,39291.9884073133,45252.27112274943,37714.39686765586,46829.86266240687
24,2025-06-14,DHR-Fourier,38458.80554167,38854.240387825004,35428.650046492236,42279.83072915777,33615.25205890252,44093.228716747486
24,2025-06-15,DHR-Fourier,35887.06008333,35453.60608605284,31657.967205561636,39249.244966544036,29648.677354276588,41258.53481782909
24,2025-06-16,DHR-Fourier,41334.69070833,40779.68241412079,36667.58223690857,44891.78259133301,34490.76789453079,47068.59693371079
24,2025-06-17,DHR-Fourier,42026.39933333,41600.660656713684,37212.844836065124,45988.476477362245,34890.07544853156,48311.245864895805
25,2025-06-18,SNaive7,42322.42458333,42202.64304167,,,,
25,2025-06-19,SNaive7,40020.98033333,41212.13825,,,,
25,2025-06-20,SNaive7,41220.95691667,40627.41325,,,,
25,2025-06-21,SNaive7,38661.64158333,38458.80554167,,,,
25,2025-06-22,SNaive7,36264.75254167,35887.06008333,,,,
25,2025-06-23,SNaive7,42963.69341667,41334.69070833,,,,
25,2025-06-24,SNaive7,43314.25279167,42026.39933333,,,,
25,2025-06-18,SARIMA,42322.42458333,42292.81648776128,40696.51295466523,43889.12002085733,39851.48090878069,44734.152066741866
25,2025-06-19,SARIMA,40020.98033333,42241.16033634455,39925.21174989334,44557.10892279576,38699.22262464437,45783.098048044725
25,2025-06-20,SARIMA,41220.95691667,42420.52789974999,39707.91892438123,45133.136875118755,38271.950473133875,46569.10532636611
25,2025-06-21,SARIMA,38661.64158333,39795.79460500131,36834.14499412985,42757.444215872776,35266.342393947765,44325.24681605486
25,2025-06-22,SARIMA,36264.75254167,36785.69245268381,33659.59070778372,39911.794197583906,32004.732406485215,41566.65249888241
25,2025-06-23,SARIMA,42963.69341667,42425.21853990765,39187.66000962352,45662.777070191776,37473.8000501641,47376.637029651196
25,2025-06-24,SARIMA,43314.25279167,43396.613332786284,40082.35943645442,46710.86722911815,38327.89940267487,48465.3272628977
25,2025-06-18,ETS,42322.42458333,42164.43971308698,40568.08106722318,43760.79835895077,39722.9749839144,44605.904442259554
25,2025-06-19,ETS,40020.98033333,42178.91837987194,40582.559734008144,43775.27702573573,39737.45365069936,44620.38310904452
25,2025-06-20,ETS,41220.95691667,41875.67067499348,40279.31202912969,43472.02932085728,39434.205945820904,44317.13540416606
25,2025-06-21,ETS,38661.64158333,38756.18882178804,37159.830175924246,40352.547467651835,36314.72409261546,41197.65355096062
25,2025-06-22,ETS,36264.75254167,35679.322687030224,34082.96404116643,37275.68133289402,33237.85795785765,38120.7874162028
25,2025-06-23,ETS,42963.69341667,41048.758012922866,39452.39936705907,42645.11665878666,38607.29328375029,43490.222742095444
25,2025-06-24,ETS,43314.25279167,42026.3993376922,40430.040691828406,43622.757983555995,39584.93460851962,44467.86406686478
25,2025-06-18,DHR-Fourier,42322.42458333,41777.71759896192,40173.91733888856,43381.51785903528,39324.916765462905,44230.518432460936
25,2025-06-19,DHR-Fourier,40020.98033333,41610.909624227665,39198.50147049057,44023.31777796476,37921.44973478015,45300.36951367518
25,2025-06-20,DHR-Fourier,41220.95691667,41245.67975031718,38268.88398616907,44222.47551446528,36693.063496766496,45798.29600386786
25,2025-06-21,DHR-Fourier,38661.64158333,37877.20116765658,34455.20843071402,41299.193904599146,32643.714899848917,43110.68743546424
25,2025-06-22,DHR-Fourier,36264.75254167,34523.07295665137,30731.225381780343,38314.920531522395,28723.942526457133,40322.203386845606
25,2025-06-23,DHR-Fourier,42963.69341667,39891.52775030457,35783.36639260192,43999.689108007224,33608.63713532202,46174.41836528713
25,2025-06-24,DHR-Fourier,43314.25279167,40752.72424584057,36368.957772973125,45136.49071870801,34048.33198067006,47457.116511011074
26,2025-06-25,SNaive7,41131.04083333,42322.42458333,,,,
26,2025-06-26,SNaive7,41932.38816667,40020.98033333,,,,
26,2025-06-27,SNaive7,42865.12104167,41220.95691667,,,,
26,2025-06-28,SNaive7,39850.40116667,38661.64158333,,,,
26,2025-06-29,SNaive7,36293.480625,36264.75254167,,,,
26,2025-06-30,SNaive7,41754.35858333,42963.69341667,,,,
26,2025-07-01,SNaive7,41933.48616667,43314.25279167,,,,
26,2025-06-25,SARIMA,41131.04083333,43309.048926139556,41713.28107579996,44904.81677647915,40868.53260323733,45749.565249041785
26,2025-06-26,SARIMA,41932.38816667,42701.12641861744,40387.827547401495,45014.42528983338,39163.2410966689,46239.01174056598
26,2025-06-27,SARIMA,42865.12104167,42922.79410323276,40214.082721228035,45631.50548523748,38780.17753127539,47065.41067519013
26,2025-06-28,SARIMA,39850.40116667,40196.592730118595,37239.74003177918,43153.445428458006,35674.47676370208,44718.70869653511
26,2025-06-29,SARIMA,36293.480625,37197.512004465745,34076.889704242596,40318.134304688894,32424.93204574144,41970.09196319005
26,2025-06-30,SARIMA,41754.35858333,42940.07163523795,39708.51951808222,46171.62375239369,37997.83916166764,47882.30410880827
26,2025-07-01,SARIMA,41933.48616667,43734.45767856805,40426.61906671381,47042.29629042229,38675.55507939702,48793.36027773908
26,2025-06-25,ETS,41131.04083333,43456.571025942336,41860.400892857084,45052.74115902759,41015.39460748303,45897.74744440164
26,2025-06-26,ETS,41932.38816667,43461.27959834643,41865.10946526118,45057.44973143168,41020.103179887126,45902.456016805736
26,2025-06-27,ETS,42865.12104167,43153.95155180851,41557.78141872326,44750.12168489376,40712.775133349205,45595.127970267815
26,2025-06-28,ETS,39850.40116667,39940.665576058935,38344.49544297368,41536.83570914419,37499.48915759963,42381.84199451824
26,2025-06-29,ETS,36293.480625,36771.68991355348,35175.519780468225,38367.86004663873,34330.51349509417,39212.86633201278
26,2025-06-30,ETS,41754.35858333,42310.099862709176,40713.929729623924,43906.26999579443,39868.92344424987,44751.27628116848
26,2025-07-01,ETS,41933.48616667,43314.25280164045,41718.082668555195,44910.4229347257,40873.076383181135,45755.42922009976
26,2025-06-25,DHR-Fourier,41131.04083333,42960.24289927515,41356.1163712583,44564.369427292004,40506.94308201634,45413.542716533964
26,2025-06-26,DHR-Fourier,41932.38816667,42760.84238989226,40349.88736758556,45171.79741219897,39073.60487318802,46448.079906596504
26,2025-06-27,DHR-Fourier,42865.12104167,42379.87012037003,39405.400264409174,45354.33997633089,37830.81103642603,46928.92920431404
26,2025-06-28,DHR-Fourier,39850.40116667,38993.218136118885,35574.08680080344,42412.34947143433,33764.10800446152,44222.32826777625
26,2025-06-29,DHR-Fourier,36293.480625,35622.359873624184,31833.72056046386,39410.99918678451,29828.13605630064,41416.58369094773
26,2025-06-30,DHR-Fourier,41754.35858333,40976.43675769231,36871.70649037944,45081.16702500518,34698.7935426369,47254.07997274772
26,2025-07-01,DHR-Fourier,41933.48616667,41816.09268421981,37435.891414494115,46196.293953945504,35117.15292673083,48515.03244170879
27,2025-07-02,SNaive7,41330.44429167,41131.04083333,,,,
27,2025-07-03,SNaive7,40933.741125,41932.38816667,,,,
27,2025-07-04,SNaive7,40997.52404167,42865.12104167,,,,
27,2025-07-05,SNaive7,37419.487,39850.40116667,,,,
27,2025-07-06,SNaive7,34059.09425,36293.480625,,,,
27,2025-07-07,SNaive7,39598.34025,41754.35858333,,,,
27,2025-07-08,SNaive7,40906.20075,41933.48616667,,,,
27,2025-07-02,SARIMA,41330.44429167,41737.257239827486,40142.42089685954,43332.09358279543,39298.16553451291,44176.34894514206
27,2025-07-03,SARIMA,40933.741125,41565.15886688737,39253.24923665419,43877.06849712054,38029.39820567452,45100.91952810021
27,2025-07-04,SARIMA,40997.52404167,42069.890846986134,39362.834421776715,44776.94727219555,37929.80531303142,46209.97638094085
27,2025-07-05,SARIMA,37419.487,39427.187420611735,36472.1657188364,42382.209122387074,34907.87172179106,43946.50311943241
27,2025-07-06,SARIMA,34059.09425,36443.48207051488,33324.81335670931,39562.15078432045,31673.88986438836,41213.074276641404
27,2025-07-07,SARIMA,39598.34025,42231.7546210407,39002.243608835895,45461.26563324551,37292.64374811452,47170.865493966885
27,2025-07-08,SARIMA,40906.20075,42998.9207345325,39693.18657865138,46304.654890413614,37943.23662303319,48054.604846031805
27,2025-07-02,ETS,41330.44429167,42062.47995843121,40467.08845189207,43657.871464970354,39622.49436839535,44502.46554846707
27,2025-07-03,ETS,40933.741125,42070.90086371536,40475.50935717622,43666.2923702545,39630.9152736795,44510.88645375122
27,2025-07-04,ETS,40997.52404167,41779.09785577566,40183.70634923652,43374.4893623148,39339.1122657398,44219.08344581152
27,2025-07-05,ETS,37419.487,38669.71289147387,37074.32138493473,40265.10439801301,36229.72730143801,41109.69848150973
27,2025-07-06,ETS,34059.09425,35600.961758732876,34005.570252193735,37196.35326527202,33160.976168697016,38040.947348768736
27,2025-07-07,ETS,39598.34025,40963.78333962696,39368.39183308782,42559.174846166105,38523.797749591104,43403.76892966282
27,2025-07-08,ETS,40906.20075,41933.48617872936,40338.09467219022,43528.877685268504,39493.5005886935,44373.47176876522
27,2025-07-02,DHR-Fourier,41330.44429167,41626.06704566941,40023.13562242847,43228.99846891036,39174.59498343936,44077.539107899465
27,2025-07-03,DHR-Fourier,40933.741125,41486.95794361654,39077.161617351165,43896.75426988191,37801.49249958662,45172.42338764646
27,2025-07-04,DHR-Fourier,40997.52404167,41165.78473104312,38192.54179141601,44139.02767067022,36618.60205370721,45712.96740837902
27,2025-07-05,DHR-Fourier,37419.487,37833.13248289558,34415.312505313814,41250.95246047734,32606.027899823213,43060.23706596794
27,2025-07-06,DHR-Fourier,34059.09425,34512.14616429396,30724.904634499006,38299.38769408892,28720.060072152897,40304.232256435025
27,2025-07-07,DHR-Fourier,39598.34025,39915.61782985849,35812.36997046553,44018.865689251455,33640.24176207327,46190.99389764372
27,2025-07-08,DHR-Fourier,40906.20075,40799.70925507333,36421.07204704965,45178.346463097005,34103.16152353786,47496.256986608794
28,2025-07-09,SNaive7,40027.38016667,41330.44429167,,,,
28,2025-07-10,SNaive7,41633.60695833,40933.741125,,,,
28,2025-07-11,SNaive7,41820.30791667,40997.52404167,,,,
28,2025-07-12,SNaive7,38733.84279167,37419.487,,,,
28,2025-07-13,SNaive7,35212.56345833,34059.09425,,,,
28,2025-07-14,SNaive7,40967.04954167,39598.34025,,,,
28,2025-07-15,SNaive7,42143.51695833,40906.20075,,,,
28,2025-07-09,SARIMA,40027.38016667,40976.642387582,39384.59561749575,42568.68915766825,38541.81696583132,43411.46780933267
28,2025-07-10,SARIMA,41633.60695833,40873.93895265049,38565.30680175647,43182.571103544506,37343.190763535946,44404.68714176503
28,2025-07-11,SARIMA,41820.30791667,41392.9170881782,38688.94045524314,44096.89372111326,37257.54169004627,45528.29248631012
28,2025-07-12,SARIMA,38733.84279167,38664.20760520675,35711.84043946128,41616.57477095222,34148.951668906826,43179.46354150667
28,2025-07-13,SARIMA,35212.56345833,35679.81758239764,32563.317920245347,38796.31724454994,30913.5426545105,40446.09251028478
28,2025-07-14,SARIMA,40967.04954167,41479.484430040866,38251.670990676605,44707.29786940513,36542.969770734206,46415.999089347526
28,2025-07-15,SARIMA,42143.51695833,42387.20297233381,39082.74160374881,45691.66434091882,37333.46542102563,47440.940523642
28,2025-07-09,ETS,40027.38016667,41029.73267179019,39437.2449288737,42622.22041470668,38594.18808659051,43465.277256989866
28,2025-07-10,ETS,41633.60695833,41036.930146568215,39444.44240365172,42629.41788948471,38601.38556136854,43472.47473176789
28,2025-07-11,ETS,41820.30791667,40754.13999449561,39161.652251579115,42346.6277374121,38318.59540929593,43189.684579695284
28,2025-07-12,ETS,38733.84279167,37719.60233163124,36127.11458871475,39312.090074547734,35284.057746431565,40155.14691683092
28,2025-07-13,ETS,35212.56345833,34725.41801806244,33132.93027514595,36317.90576097893,32289.87343286276,37160.962603262116
28,2025-07-14,ETS,40967.04954167,39958.399360398034,38365.91161748154,41550.887103314526,37522.85477519836,42393.94394559771
28,2025-07-15,ETS,42143.51695833,40906.20074450744,39313.71300159095,42498.68848742393,38470.656159307764,43341.74532970712
28,2025-07-09,DHR-Fourier,40027.38016667,40809.721103786964,39210.01170041099,42409.430507162935,38363.1766957088,43256.26551186513
28,2025-07-10,DHR-Fourier,41633.60695833,40708.14329697994,38303.09665274485,43113.18994121504,37029.94186476792,44386.344729191966
28,2025-07-11,DHR-Fourier,41820.30791667,40425.840378293,37458.33692746431,43393.343829121695,35887.43549159542,44964.24526499059
28,2025-07-12,DHR-Fourier,38733.84279167,37127.94895136912,33716.58941511832,40539.30848761993,31910.72476068465,42345.173142053594
28,2025-07-13,DHR-Fourier,35212.56345833,33841.219784171495,30060.987779675786,37621.451788667204,28059.85383588153,39622.58573246146
28,2025-07-14,DHR-Fourier,40967.04954167,39278.33599949928,35182.524378760776,43374.14762023778,33014.33267732573,45542.33932167283
28,2025-07-15,DHR-Fourier,42143.51695833,40195.9587795693,35825.091999853496,44566.825559285106,33511.29489261516,46880.62266652344
29,2025-07-16,SNaive7,41929.491625,40027.38016667,,,,
29,2025-07-17,SNaive7,42333.345625,41633.60695833,,,,
29,2025-07-18,SNaive7,42061.91833333,41820.30791667,,,,
29,2025-07-19,SNaive7,38428.12895833,38733.84279167,,,,
29,2025-07-20,SNaive7,35112.60745833,35212.56345833,,,,
29,2025-07-21,SNaive7,41048.23429167,40967.04954167,,,,
29,2025-07-22,SNaive7,42606.05183333,42143.51695833,,,,
29,2025-07-16,SARIMA,41929.491625,41853.75600486178,40263.78621096642,43443.72579875714,39422.107044082586,44285.40496564098
29,2025-07-17,SARIMA,42333.345625,41884.12649545853,39579.85258443296,44188.40040648409,38360.043659036615,45408.20933188044
29,2025-07-18,SARIMA,42061.91833333,42206.694947818396,39508.09991217138,44905.28998346541,38079.54999249303,46333.839903143766
29,2025-07-19,SARIMA,38428.12895833,39299.33485499882,36352.902880517424,42245.76682948022,34793.15601043028,43805.51369956737
29,2025-07-20,SARIMA,35112.60745833,36123.57687502331,33013.32742832698,39233.82632171964,31366.860826793185,40880.29292325344
29,2025-07-21,SARIMA,41048.23429167,41832.83759901306,38611.45536733913,45054.21983068699,36906.15862309912,46759.516574926995
29,2025-07-22,SARIMA,42606.05183333,42717.87546364965,39419.9478300558,46015.80309724351,37674.13039770957,47761.62052958974
29,2025-07-16,ETS,41929.491625,42266.37142361826,40675.939950699,43856.80289653751,39833.97168978697,44698.77115744954
29,2025-07-17,ETS,42333.345625,42279.15948455155,40688.728011632295,43869.590957470806,39846.759750720266,44711.559218382834
29,2025-07-18,ETS,42061.91833333,41989.05448983864,40398.62301691939,43579.4859627579,39556.65475600736,44421.45422366993
29,2025-07-19,ETS,38428.12895833,38862.0066045598,37271.575131640544,40452.438077479055,36429.606870728516,41294.40633839108
29,2025-07-20,ETS,35112.60745833,35774.64641209668,34184.21493917742,37365.07788501593,33342.246678265394,38207.04614592796
29,2025-07-21,ETS,41048.23429167,41166.85546701418,39576.42399409493,42757.28693993344,38734.4557331829,43599.255200845466
29,2025-07-22,ETS,42606.05183333,42143.51695528202,40553.08548236277,43733.94842820128,39711.11722145074,44575.916689113306
29,2025-07-16,DHR-Fourier,41929.491625,41990.30917699116,40392.36246055532,43588.255893427006,39546.4605659543,44434.157788028024
29,2025-07-17,DHR-Fourier,42333.345625,41870.463177599406,39468.774065857775,44272.15228934104,38197.39664822004,45543.52970697877
29,2025-07-18,DHR-Fourier,42061.91833333,41565.233992144975,38602.00006134925,44528.4679229407,37033.3587728606,46097.10921142935
29,2025-07-19,DHR-Fourier,38428.12895833,38243.61533784687,34837.141354558386,41650.08932113536,33033.862955639066,43453.36772005468
29,2025-07-20,DHR-Fourier,35112.60745833,34931.67848113915,31156.769382565326,38706.58757971297,29158.453214957095,40704.9037473212
29,2025-07-21,DHR-Fourier,41048.23429167,40346.28585708603,36256.111322715864,44436.4603914562,34090.90371454873,46601.667999623336
29,2025-07-22,DHR-Fourier,42606.05183333,41241.49345367367,36876.486865386214,45606.500041961124,34565.79195610039,47917.19495124695
30,2025-07-23,SNaive7,42843.44404167,41929.491625,,,,
30,2025-07-24,SNaive7,42889.30725,42333.345625,,,,
30,2025-07-25,SNaive7,42708.71175,42061.91833333,,,,
30,2025-07-26,SNaive7,39020.400375,38428.12895833,,,,
30,2025-07-27,SNaive7,36017.95554167,35112.60745833,,,,
30,2025-07-28,SNaive7,42515.09004167,41048.23429167,,,,
30,2025-07-29,SNaive7,41791.86283333,42606.05183333,,,,
30,2025-07-23,SARIMA,42843.44404167,42334.640181912306,40747.81763066087,43921.46273316374,39907.804513394265,44761.475850430346
30,2025-07-24,SARIMA,42889.30725,42356.25830066928,40056.38243664039,44656.13416469817,38838.90169668901,45873.61490464955
30,2025-07-25,SARIMA,42708.71175,42513.886105297206,39820.337609756985,45207.43460083743,38394.45916703941,46633.313043555005
30,2025-07-26,SARIMA,39020.400375,39428.749661022055,36487.7412921238,42369.75802992031,34930.86550540329,43926.63381664082
30,2025-07-27,SARIMA,36017.95554167,36185.196168337294,33080.59825401297,39289.79408266162,31437.123392999503,40933.26894367508
30,2025-07-28,SARIMA,42515.09004167,41896.857827578155,38681.26675854994,45112.44889660637,36979.035670632235,46814.679984524075
30,2025-07-29,SARIMA,41791.86283333,42867.516010122796,39575.465087746925,46159.56693249867,37832.758598401604,47902.27342184399
30,2025-07-23,ETS,42843.44404167,42728.61595599345,41141.12008343134,44316.111828555564,40300.70591797676,45156.525994010146
30,2025-07-24,ETS,42889.30725,42742.91141430512,41155.41554174301,44330.40728686723,40315.00137628843,45170.82145232181
30,2025-07-25,ETS,42708.71175,42449.400047755444,40861.90417519333,44036.895920317555,40021.49000973875,44877.31008577214
30,2025-07-26,ETS,39020.400375,39285.79327410575,37698.29740154364,40873.28914666786,36857.88323608906,41713.703312122445
30,2025-07-27,ETS,36017.95554167,36163.47821065067,34575.98233808856,37750.97408321278,33735.568172633975,38591.38824866736
30,2025-07-28,ETS,42515.09004167,41616.610941476836,40029.115068914725,43204.10681403895,39188.70090346014,44044.52097949353
30,2025-07-29,ETS,41791.86283333,42606.05182465917,41018.55595209706,44193.54769722128,40178.141786642474,45033.96186267586
30,2025-07-23,DHR-Fourier,42843.44404167,42500.87970105656,40905.837643714985,44095.92175839814,40061.47338275703,44940.28601935609
30,2025-07-24,DHR-Fourier,42889.30725,42376.2517813744,39978.71685378118,44773.786708967615,38709.53852839447,46042.965034354325
30,2025-07-25,DHR-Fourier,42708.71175,42064.19798864318,39105.91212547988,45022.48385180648,37539.8901857729,46588.50579151346
30,2025-07-26,DHR-Fourier,39020.400375,38733.73294871825,35332.76547702995,42134.70042040655,33532.40204927163,43935.06384816487
30,2025-07-27,DHR-Fourier,36017.95554167,35413.97879555204,31644.98219931385,39182.97539179022,29649.79592137973,41178.161669724344
30,2025-07-28,DHR-Fourier,42515.09004167,40822.70141421808,36738.73622817205,44906.66660026411,34576.81565045317,47068.58717798298
30,2025-07-29,DHR-Fourier,41791.86283333,41712.34428814727,37353.76126474487,46070.927311549676,35046.466785304714,48378.22179098983
31,2025-07-30,SNaive7,40661.410375,42843.44404167,,,,
31,2025-07-31,SNaive7,41372.37025,42889.30725,,,,
31,2025-08-01,SNaive7,41481.145,42708.71175,,,,
31,2025-08-02,SNaive7,38572.40591667,39020.400375,,,,
31,2025-08-03,SNaive7,35207.25908333,36017.95554167,,,,
31,2025-08-04,SNaive7,41038.911875,42515.09004167,,,,
31,2025-08-05,SNaive7,42677.83504167,41791.86283333,,,,
31,2025-07-30,SARIMA,40661.410375,41287.92067559408,39703.297163927185,42872.54418726098,38864.44814789858,43711.39320328958
31,2025-07-31,SARIMA,41372.37025,41492.97175378006,39196.53535228386,43789.40815527626,37980.87535381458,45005.06815374554
31,2025-08-01,SARIMA,41481.145,41743.36615805529,39053.93154185655,44432.80077425402,37630.230855314025,45856.50146079655
31,2025-08-02,SARIMA,38572.40591667,38681.70473631772,35745.23718272945,41618.17228990599,34190.765158433715,43172.64431420172
31,2025-08-03,SARIMA,35207.25908333,35587.32260949936,32487.55134786647,38687.093871132245,30846.63156244737,40328.013656551346
31,2025-08-04,SARIMA,41038.911875,41525.03501976381,38314.46747187168,44735.602567655944,36614.89567540774,46435.174364119885
31,2025-08-05,SARIMA,42677.83504167,42278.69027478466,38991.80070257877,45565.57984699056,37251.82646697043,47305.554082598894
31,2025-07-30,ETS,40661.410375,41912.959073071725,40327.42201938668,43498.49612675677,39488.044845057746,44337.8733010857
31,2025-07-31,ETS,41372.37025,41927.542646345195,40342.00559266015,43513.07970003024,39502.62841833122,44352.45687435917
31,2025-08-01,ETS,41481.145,41640.59424619455,40055.05719250951,43226.1312998796,39215.680018180574,44065.50847420853
31,2025-08-02,ETS,38572.40591667,38535.76704074898,36950.22998706393,40121.304094434025,36110.852812735,40960.68126876296
31,2025-08-03,ETS,35207.25908333,35473.95706221194,33888.4200085269,37059.49411589699,33049.042834197964,37898.87129022592
31,2025-08-04,ETS,41038.911875,40827.7445403041,39242.20748661905,42413.281593989144,38402.83031229012,43252.65876831808
31,2025-08-05,ETS,42677.83504167,41791.86285906715,40206.325805382105,43377.3999127522,39366.94863105317,44216.77708708113
31,2025-07-30,DHR-Fourier,40661.410375,41367.72276142795,39774.695431388085,42960.75009146781,38931.3977026393,43804.0478202166
31,2025-07-31,DHR-Fourier,41372.37025,41284.61776826736,38890.40444568313,43678.831090851585,37622.98447177419,44946.25106476053
31,2025-08-01,DHR-Fourier,41481.145,41012.54172181866,38058.45511802008,43966.62832561725,36494.656131942276,45530.42731169505
31,2025-08-02,DHR-Fourier,38572.40591667,37717.67765201918,34321.59356458306,41113.761739455294,32523.815244293288,42911.54005974507
31,2025-08-03,DHR-Fourier,35207.25908333,34434.58606518149,30671.038471393782,38198.13365896919,28678.736721115765,40190.435409247206
31,2025-08-04,DHR-Fourier,41038.911875,39881.48387881265,35803.45053859435,43959.51721903095,33644.67009037576,46118.29766724954
31,2025-08-05,DHR-Fourier,42677.83504167,40796.33475121702,36444.104143100485,45148.56535933356,34140.17242918332,47452.49707325072
32,2025-08-06,SNaive7,41971.73720833,40661.410375,,,,
32,2025-08-07,SNaive7,42454.31370833,41372.37025,,,,
32,2025-08-08,SNaive7,42748.43758333,41481.145,,,,
32,2025-08-09,SNaive7,38429.36641667,38572.40591667,,,,
32,2025-08-10,SNaive7,33992.91741667,35207.25908333,,,,
32,2025-08-11,SNaive7,39449.778625,41038.911875,,,,
32,2025-08-12,SNaive7,40629.72383333,42677.83504167,,,,
32,2025-08-06,SARIMA,41971.73720833,42396.37080686611,40814.75519774492,43977.986415987296,39977.49846914118,44815.24314459103
32,2025-08-07,SARIMA,42454.31370833,42496.76643581899,40204.350986752645,44789.18188488533,38990.8195519229,46002.713319715076
32,2025-08-08,SARIMA,42748.43758333,42561.59874672529,39876.7380542972,45246.45943915338,38455.45865673982,46667.73883671076
32,2025-08-09,SARIMA,38429.36641667,39391.0657099701,36459.50373420892,42322.62768573128,34907.6285659506,43874.502853989594
32,2025-08-10,SARIMA,33992.91741667,36135.70729040767,33041.04811178757,39230.36646902777,31402.834499647834,40868.58008116751
32,2025-08-11,SARIMA,39449.778625,41958.36540809905,38753.040659933795,45163.69015626431,37056.24423399778,46860.48658220033
32,2025-08-12,SARIMA,40629.72383333,42783.96455509143,39502.40102776328,46065.52808241958,37765.246230003824,47802.68288017903
32,2025-08-06,ETS,41971.73720833,42796.1143267016,41212.95193444402,44379.27671895918,40374.83189667607,45217.39675672713
32,2025-08-07,ETS,42454.31370833,42813.200199290186,41230.037807032604,44396.36259154777,40391.917769264655,45234.48262931572
32,2025-08-08,ETS,42748.43758333,42521.22150322039,40938.05911096281,44104.38389547797,40099.93907319486,44942.50393324592
32,2025-08-09,ETS,38429.36641667,39351.00828933372,37767.845897076135,40934.1706815913,36929.725859308186,41772.29071935925
32,2025-08-10,ETS,33992.91741667,36222.7415728057,34639.57918054812,37805.903965063284,33801.45914278017,38644.02400283123
32,2025-08-11,ETS,39449.778625,41691.1049525419,40107.94256028432,43274.26734479948,39269.82252251637,44112.38738256743
32,2025-08-12,ETS,40629.72383333,42677.83503172155,41094.67263946397,44260.99742397913,40256.55260169602,45099.11746174708
32,2025-08-06,DHR-Fourier,41971.73720833,42590.92059459392,41000.218709972134,44181.6224792157,40158.151997667585,45023.68919152025
32,2025-08-07,DHR-Fourier,42454.31370833,42473.54914115212,40082.03233815815,44865.065944146096,38816.039815494456,46131.05846680979
32,2025-08-08,DHR-Fourier,42748.43758333,42166.783372426384,39215.76785596454,45117.798888888225,37653.59460531955,46679.972139533216
32,2025-08-09,DHR-Fourier,38429.36641667,38837.09576814203,35444.4153563778,42229.776179906265,33648.43883315037,44025.752703133694
32,2025-08-10,DHR-Fourier,33992.91741667,35517.79566486132,31757.947423319813,39277.64390640282,29767.60399182782,41267.98733789482
32,2025-08-11,DHR-Fourier,39449.778625,40930.97854706268,36856.90998796516,45005.0471061602,34700.22836809126,47161.7287260341
32,2025-08-12,DHR-Fourier,40629.72383333,41814.0610702109,37466.03568517173,46162.086455250064,35164.33008188252,48463.79205853927
33,2025-08-13,SNaive7,41211.44675,41971.73720833,,,,
33,2025-08-14,SNaive7,41969.38866667,42454.31370833,,,,
33,2025-08-15,SNaive7,41840.33954167,42748.43758333,,,,
33,2025-08-16,SNaive7,39147.65141667,38429.36641667,,,,
33,2025-08-17,SNaive7,35971.15758333,33992.91741667,,,,
33,2025-08-18,SNaive7,42239.471125,39449.778625,,,,
33,2025-08-19,SNaive7,43374.494,40629.72383333,,,,
33,2025-08-13,SARIMA,41211.44675,40466.82307343321,38887.290026214614,42046.356120651806,38051.13573928862,42882.5104075778
33,2025-08-14,SARIMA,41969.38866667,40926.82723740149,38637.11198980493,43216.542484998055,37425.00995528972,44428.64451951326
33,2025-08-15,SARIMA,41840.33954167,41277.52251283521,38595.96723171192,43959.0777939585,37176.43761320312,45378.6074124673
33,2025-08-16,SARIMA,39147.65141667,38114.93988574743,35187.20714747814,41042.67262401672,33637.35905510161,42592.52071639325
33,2025-08-17,SARIMA,35971.15758333,34829.47455869363,31739.08406884439,37919.86504854287,30103.130164041326,39555.81895334594
33,2025-08-18,SARIMA,42239.471125,40736.345949950264,37535.65174793823,43937.0401519623,35841.3065850661,45631.38531483443
33,2025-08-19,SARIMA,43374.494,41747.09342688601,38470.454217742845,45023.73263602917,36735.90619656702,46758.280657204996
33,2025-08-13,ETS,41211.44675,40740.23073852157,39158.9474086178,42321.514068425335,38321.82213918104,43158.6393378621
33,2025-08-14,ETS,41969.38866667,40759.30525337913,39178.02192347536,42340.58858328289,38340.896654038595,43177.71385271966
33,2025-08-15,ETS,41840.33954167,40484.615338134216,38903.33200823045,42065.89866803798,38066.206738793684,42903.02393747475
33,2025-08-16,ETS,39147.65141667,37463.003603494326,35881.72027359056,39044.28693339809,35044.595004153794,39881.41220283486
33,2025-08-17,ETS,35971.15758333,34480.86784753369,32899.584517629926,36062.15117743746,32062.459248193165,36899.276446874224
33,2025-08-18,ETS,42239.471125,39688.47496651187,38107.191636608106,41269.75829641564,37270.06636717134,42106.883565852404
33,2025-08-19,ETS,43374.494,40629.723829688795,39048.44049978503,42211.00715959256,38211.315230348264,43048.13242902933
33,2025-08-13,DHR-Fourier,41211.44675,40538.81031611659,38950.447609145675,42127.17302308751,38109.61918269028,42968.001449542906
33,2025-08-14,DHR-Fourier,41969.38866667,40484.31518227909,38096.07694692913,42872.553417629046,36831.81999313837,44136.81037141981
33,2025-08-15,DHR-Fourier,41840.33954167,40238.82627211314,37291.924906649205,43185.727637577074,35731.92955598548,44745.7229882408
33,2025-08-16,DHR-Fourier,39147.65141667,36960.45209428837,33572.659426049235,40348.2447625275,31779.270317950028,42141.63387062671
33,2025-08-17,DHR-Fourier,35971.15758333,33689.59959425979,29935.37150788862,37443.82768063095,27948.00320682973,39431.195981689845
33,2025-08-18,DHR-Fourier,42239.471125,39153.79330231517,35086.04647233014,43221.5401323002,32932.71137370028,45374.87523093006
33,2025-08-19,DHR-Fourier,43374.494,40086.764300996365,35745.736986937394,44427.791615055336,33447.73593864982,46725.79266334291
34,2025-08-20,SNaive7,44074.51679167,41211.44675,,,,
34,2025-08-21,SNaive7,45226.72354167,41969.38866667,,,,
34,2025-08-22,SNaive7,45345.91029167,41840.33954167,,,,
34,2025-08-23,SNaive7,42218.78579167,39147.65141667,,,,
34,2025-08-24,SNaive7,38034.43966667,35971.15758333,,,,
34,2025-08-25,SNaive7,43194.15575,42239.471125,,,,
34,2025-08-26,SNaive7,43949.52491667,43374.494,,,,
34,2025-08-20,SARIMA,44074.51679167,42952.1696784541,41375.98719781807,44528.35215909013,40541.606593700795,45362.7327632074
34,2025-08-21,SARIMA,45226.72354167,43090.361866175124,40805.239184743776,45375.48454760647,39595.568307901274,46585.155424448974
34,2025-08-22,SARIMA,45345.91029167,43046.353774238414,40369.80445607664,45722.903092400185,38952.92483428544,47139.78271419139
34,2025-08-23,SARIMA,42218.78579167,39703.82535860253,36781.189264765635,42626.46145243943,35234.0391729777,44173.611544227366
34,2025-08-24,SARIMA,38034.43966667,36217.49628497338,33132.148388680194,39302.84418126656,31498.86387166015,40936.12869828661
34,2025-08-25,SARIMA,43194.15575,41999.454768041425,38803.68737697034,45195.22215911251,37111.95031026714,46886.95922581571
34,2025-08-26,SARIMA,43949.52491667,42873.97310116555,39602.12526523244,46145.820937098666,37870.11364382166,47877.83255850944
34,2025-08-20,ETS,44074.51679167,43492.85566892497,41914.331485319046,45071.37985253089,41078.66689724426,45907.04444060568
34,2025-08-21,ETS,45226.72354167,43514.68520034699,41936.16101674107,45093.20938395291,41100.49642866628,45928.8739720277
34,2025-08-22,ETS,45345.91029167,43220.59506166147,41642.07087805555,44799.11924526739,40806.40628998076,45634.78383334218
34,2025-08-23,ETS,42218.78579167,39994.944239226694,38416.42005562077,41573.468422832615,37580.75546754598,42409.133010907404
34,2025-08-24,ETS,38034.43966667,36809.34562618499,35230.82144257907,38387.869809790915,34395.15685450428,39223.534397865704
34,2025-08-25,ETS,43194.15575,42370.521577743035,40791.99739413711,43949.045761348956,39956.332806062324,44784.710349423745
34,2025-08-26,ETS,43949.52491667,43374.493998000915,41795.96981439499,44953.018181606836,40960.305226320204,45788.682769681625
34,2025-08-20,DHR-Fourier,44074.51679167,43172.91546922578,41586.92797672709,44758.90296172447,40747.35691286175,45598.47402558981
34,2025-08-21,DHR-Fourier,45226.72354167,43031.633543521886,40646.51796958921,45416.749117454565,39383.91405290031,46679.35303414346
34,2025-08-22,DHR-Fourier,45345.91029167,42700.01148405859,39756.97783369807,45643.04513441911,38199.02992773328,47200.993040383895
34,2025-08-23,DHR-Fourier,42218.78579167,39338.519678217875,35955.31588078004,42721.72347565571,34164.35597414605,44512.6833822897
34,2025-08-24,DHR-Fourier,38034.43966667,35984.752927837726,32235.81509669654,39733.69075897891,30251.24728759144,41718.25856808401
34,2025-08-25,DHR-Fourier,43194.15575,41371.14107630159,37309.36913890442,45432.91301369876,35159.19695735315,47583.08519525002
34,2025-08-26,DHR-Fourier,43949.52491667,42225.93926903867,37891.556307223094,46560.32223085424,35597.07256654864,48854.805971528694
35,2025-08-27,SNaive7,44152.6905,44074.51679167,,,,
35,2025-08-28,SNaive7,44449.00533333,45226.72354167,,,,
35,2025-08-29,SNaive7,44479.585375,45345.91029167,,,,
35,2025-08-30,SNaive7,40381.09579167,42218.78579167,,,,
35,2025-08-31,SNaive7,36582.993875,38034.43966667,,,,
35,2025-09-01,SNaive7,42785.94545833,43194.15575,,,,
35,2025-09-02,SNaive7,44240.86716667,43949.52491667,,,,
35,2025-08-27,SARIMA,44152.6905,43611.25729189211,42037.83161895861,45184.6829648256,41204.91038068541,46017.6042030988
35,2025-08-28,SARIMA,44449.00533333,43848.425060887945,41566.446652208004,46130.403469567886,40358.440252816596,47338.409868959294
35,2025-08-29,SARIMA,44479.585375,43771.625992663074,41097.96830372991,46445.28368159624,39682.61941798754,47860.63256733861
35,2025-08-30,SARIMA,40381.09579167,40415.33286339456,37495.1246783765,43335.54104841261,35949.25984388071,44881.4058829084
35,2025-08-31,SARIMA,36582.993875,36767.68412795659,33684.24932034761,39851.11893556557,32051.977531302702,41483.39072461048
35,2025-09-01,SARIMA,42785.94545833,42406.36577607675,39212.01670067099,45600.71485148252,37521.03044492793,47291.70110722558
35,2025-09-02,SARIMA,44240.86716667,43229.22308542048,39958.349907994154,46500.09626284681,38226.85423963049,48231.591931210474
35,2025-08-27,ETS,44152.6905,44071.58379128221,42495.41534038024,45647.75224218418,41660.99786807353,46482.16971449089
35,2025-08-28,ETS,44449.00533333,44098.181095541535,42522.012644639566,45674.349546443504,41687.595172332854,46508.767018750215
35,2025-08-29,ETS,44479.585375,43801.69192960567,42225.523478703704,45377.86038050764,41391.10600639699,46212.27785281435
35,2025-08-30,ETS,40381.09579167,40533.4644373904,38957.29598648843,42109.63288829237,38122.87851418172,42944.05036059908
35,2025-08-31,ETS,36582.993875,37301.0199241244,35724.85147322243,38877.188375026366,34890.43400091572,39711.60584733308
35,2025-09-01,ETS,42785.94545833,42933.64683019697,41357.478379295004,44509.81528109894,40523.06090698829,45344.23275340565
35,2025-09-02,ETS,44240.86716667,43949.52492064374,42373.35646974177,45525.693371545705,41538.938997435056,46360.11084385242
35,2025-08-27,DHR-Fourier,44152.6905,43690.552867529106,42106.96531592441,45274.1404191338,41268.66470402614,46112.441031032075
35,2025-08-28,DHR-Fourier,44449.00533333,43527.98588332934,41145.83832551991,45910.13344113877,39884.80558165927,47171.16618499941
35,2025-08-29,DHR-Fourier,44479.585375,43173.44471523839,40234.15465963034,46112.73477084644,38678.18849301967,47668.700937457106
35,2025-08-30,DHR-Fourier,40381.09579167,39787.076115188764,36408.460824009046,43165.69140636848,34619.929925862765,44954.22230451476
35,2025-08-31,DHR-Fourier,36582.993875,36404.46420643523,32660.99728836002,40147.93112451044,30679.32560569024,42129.60280718022
35,2025-09-01,DHR-Fourier,42785.94545833,41764.911446728365,37709.515364152554,45820.30752930418,35562.71835626486,47967.10453719187
35,2025-09-02,DHR-Fourier,44240.86716667,42594.71692381286,38267.62782041609,46921.80602720963,35977.005215154946,49212.42863247078
36,2025-09-03,SNaive7,44198.15020833,44152.6905,,,,
36,2025-09-04,SNaive7,44525.46195833,44449.00533333,,,,
36,2025-09-05,SNaive7,44628.45175,44479.585375,,,,
36,2025-09-06,SNaive7,39931.05479167,40381.09579167,,,,
36,2025-09-07,SNaive7,36617.81845833,36582.993875,,,,
36,2025-09-08,SNaive7,43537.65979167,42785.94545833,,,,
36,2025-09-09,SNaive7,46062.31379167,44240.86716667,,,,
36,2025-09-03,SARIMA,44198.15020833,44048.658482383435,42478.24067893093,45619.07628583594,41646.911710579196,46450.40525418767
36,2025-09-04,SARIMA,44525.46195833,44240.93892891905,41963.117411190215,46518.76044664789,40757.311536944624,47724.56632089348
36,2025-09-05,SARIMA,44628.45175,44137.13204716547,41468.09378937323,46806.170304957705,40055.190282762655,48219.07381156828
36,2025-09-06,SARIMA,39931.05479167,40616.957182085214,37701.550721814,43532.36364235643,36158.227766855816,45075.68659731461
36,2025-09-07,SARIMA,36617.81845833,36912.335191764694,33833.74905423243,39990.92132929696,32204.043996081615,41620.62638744777
36,2025-09-08,SARIMA,43537.65979167,42619.61728627495,39430.097432572955,45809.13713997695,37741.66761237725,47497.566960172655
36,2025-09-09,SARIMA,46062.31379167,43526.655297259436,40260.56167959634,46792.74891492253,38531.596157336746,48521.71443718213
36,2025-09-03,ETS,44198.15020833,44363.93883760484,42790.465303892284,45937.41237131739,41957.474510306354,46770.40316490332
36,2025-09-04,ETS,44525.46195833,44391.69336081604,42818.21982710349,45965.16689452859,41985.22903351756,46798.15768811452
36,2025-09-05,ETS,44628.45175,44094.47763884109,42521.00410512854,45667.95117255364,41688.01331154261,46500.94196613957
36,2025-09-06,ETS,39931.05479167,40800.901224300986,39227.42769058843,42374.37475801354,38394.4368970025,43207.36555159947
36,2025-09-07,ETS,36617.81845833,37544.52478386365,35971.0512501511,39117.9983175762,35138.06045656517,39950.98911116213
36,2025-09-08,ETS,43537.65979167,43216.5819126213,41643.10837890875,44790.055446333856,40810.11758532282,45623.046239919786
36,2025-09-09,ETS,46062.31379167,44240.86716010093,42667.39362638837,45814.34069381348,41834.40283280244,46647.33148739941
36,2025-09-03,DHR-Fourier,44198.15020833,44045.694647903125,42464.79615302465,45626.5931427816,41627.919041770045,46463.470254036205
36,2025-09-04,DHR-Fourier,44525.46195833,43859.48176697748,41481.33622571924,46237.627308235715,40222.42202144948,47496.54151250548
36,2025-09-05,DHR-Fourier,44628.45175,43483.12041129967,40549.21215427426,46417.02866832508,38996.094939741015,47970.14588285833
36,2025-09-06,DHR-Fourier,39931.05479167,40069.35846743944,36697.539738505766,43441.17719637311,34912.606723080826,45226.11021179805
36,2025-09-07,DHR-Fourier,36617.81845833,36661.11477457202,32925.883636254184,40396.34591288986,30948.571712034805,42373.65783710924
36,2025-09-08,DHR-Fourier,43537.65979167,42001.63680501286,37955.93122559209,46047.34238443363,35814.26406020425,48189.009549821465
36,2025-09-09,DHR-Fourier,46062.31379167,42811.18243252784,38495.246086646315,47127.11877840937,36210.52739458524,49411.83747047045
37,2025-09-10,SNaive7,45271.73958333,44198.15020833,,,,
37,2025-09-11,SNaive7,45526.21270833,44525.46195833,,,,
37,2025-09-12,SNaive7,45366.083625,44628.45175,,,,
37,2025-09-13,SNaive7,41379.738875,39931.05479167,,,,
37,2025-09-14,SNaive7,37917.15479167,36617.81845833,,,,
37,2025-09-15,SNaive7,44244.88483333,43537.65979167,,,,
37,2025-09-16,SNaive7,44791.37241667,46062.31379167,,,,
37,2025-09-10,SARIMA,45271.73958333,45830.67587463495,44261.835301277024,47399.51644799288,43431.34126810273,48230.01048116717
37,2025-09-11,SARIMA,45526.21270833,45770.50248878016,43494.35619502393,48046.648782536395,42289.43713078128,49251.56784677904
37,2025-09-12,SARIMA,45366.083625,45469.43087071193,42802.20458749382,48136.657153930035,41390.2602822818,49548.60145914205
37,2025-09-13,SARIMA,41379.738875,41553.172604036954,38639.69049349769,44466.654714576216,37097.38622775323,46008.958980320676
37,2025-09-14,SARIMA,37917.15479167,37749.66807885586,34673.09426191615,40826.24189579557,33044.45446193965,42454.88169577207
37,2025-09-15,SARIMA,44244.88483333,43523.73108028751,40336.29161737711,46711.170543197906,38648.96308954241,48398.4990710326
37,2025-09-16,SARIMA,44791.37241667,44588.25783622989,41324.29703073752,47852.218641722255,39596.46055104078,49580.055121419
37,2025-09-10,ETS,45271.73958333,46188.660386559764,44616.492964963,47760.82780815653,43784.19362207169,48593.12715104784
37,2025-09-11,ETS,45526.21270833,46217.84024616656,44645.672824569796,47790.007667763326,43813.373481678485,48622.30701065464
37,2025-09-12,ETS,45366.083625,45909.133909763106,44336.96648816634,47481.30133135987,43504.66714527503,48313.60067425118
37,2025-09-13,ETS,41379.738875,42472.82765729845,40900.66023570168,44044.99507889521,40068.36089281037,44877.29442178652
37,2025-09-14,ETS,37917.15479167,39081.241808782266,37509.0743871855,40653.40923037903,36676.77504429419,41485.70857327034
37,2025-09-15,ETS,44244.88483333,44990.3812282606,43418.213806663836,46562.54864985737,42585.914463772526,47394.84799274868
37,2025-09-16,ETS,44791.37241667,46062.313769506996,44490.14634791023,47634.48119110376,43657.84700501892,48466.78053399507
37,2025-09-10,DHR-Fourier,45271.73958333,45943.03587361171,44363.270366514,47522.801380709425,43526.99302276131,48359.07872446212
37,2025-09-11,DHR-Fourier,45526.21270833,45680.208787382704,43303.11040287595,48057.30717188946,42044.750529905796,49315.66704485961
37,2025-09-12,DHR-Fourier,45366.083625,45231.321759787366,42299.07708080043,48163.5664387743,40746.84051128501,49715.803008289724
37,2025-09-13,DHR-Fourier,41379.738875,41738.544304853385,38369.31746732866,45107.77114237811,36585.75651633547,46891.332093371304
37,2025-09-14,DHR-Fourier,37917.15479167,38259.30227332921,34527.78309403997,41990.821452618446,32552.4361622341,43966.16838442432
37,2025-09-15,DHR-Fourier,44244.88483333,43537.22026097606,39496.477125153855,47577.96339679826,37357.436918724474,49717.00360322764
37,2025-09-16,DHR-Fourier,44791.37241667,44287.00000036569,39977.36846283021,48596.63153790117,37695.98733470049,50878.01266603089
38,2025-09-17,SNaive7,44145.92479167,45271.73958333,,,,
38,2025-09-18,SNaive7,44093.93879167,45526.21270833,,,,
38,2025-09-19,SNaive7,45170.88108333,45366.083625,,,,
38,2025-09-20,SNaive7,42290.73579167,41379.738875,,,,
38,2025-09-21,SNaive7,40399.05075,37917.15479167,,,,
38,2025-09-22,SNaive7,46284.62229167,44244.88483333,,,,
38,2025-09-23,SNaive7,44285.757375,44791.37241667,,,,
38,2025-09-17,SARIMA,44145.92479167,44292.19403808834,42726.4689573938,45857.91911878288,41897.6241664123,46686.76390976438
38,2025-09-18,SARIMA,44093.93879167,44511.10552953674,42239.9117808969,46782.29927817658,41037.614435672775,47984.59662340071
38,2025-09-19,SARIMA,45170.88108333,44425.01594938857,41763.52854265478,47086.50335612237,40354.62221514315,48495.409683633996
38,2025-09-20,SARIMA,42290.73579167,40659.37796272497,37752.010753925235,43566.7451715247,36212.94352162725,45105.81240382269
38,2025-09-21,SARIMA,40399.05075,37049.92831113,33979.641932708226,40120.21468955178,32354.330501631503,41745.52612062851
38,2025-09-22,SARIMA,46284.62229167,43031.320023712746,39850.233151016386,46212.406896409106,38166.26748130607,47896.37256611942
38,2025-09-23,SARIMA,44285.757375,44103.45515990048,40845.85549657161,47361.054823229344,39121.38640212783,49085.52391767313
38,2025-09-17,ETS,44145.92479167,44910.932291083394,43341.390523945425,46480.47405822136,42510.4811923536,47311.383389813185
38,2025-09-18,ETS,44093.93879167,44941.03032793238,43371.48856079441,46510.57209507035,42540.57922920259,47341.48142666217
38,2025-09-19,ETS,45170.88108333,44642.19764158223,43072.65587444426,46211.7394087202,42241.74654285244,47042.64874031202
38,2025-09-20,ETS,42290.73579167,41298.841021915905,39729.299254777936,42868.382789053874,38898.389923186114,43699.292120645696
38,2025-09-21,ETS,40399.05075,38001.1936070647,36431.65183992673,39570.73537420267,35600.74250833491,40401.64470579449
38,2025-09-22,ETS,46284.62229167,43750.36446006561,42180.82269292764,45319.90622720358,41349.91336133582,46150.8155587954
38,2025-09-23,ETS,44285.757375,44791.372424214256,43221.83065707629,46360.914191352225,42390.921325484465,47191.82352294405
38,2025-09-17,DHR-Fourier,44145.92479167,44405.194743986576,42828.419682093336,45981.96980587982,41993.7253844073,46816.664103565854
38,2025-09-18,DHR-Fourier,44093.93879167,44176.51770068094,41805.32474056889,46547.71066079299,40550.09101043724,47802.94439092464
38,2025-09-19,DHR-Fourier,45170.88108333,43761.689148927384,40838.19506815792,46685.18322969685,39290.59078552347,48232.7875123313
38,2025-09-20,DHR-Fourier,42290.73579167,40297.09346999034,36939.51330365952,43654.67363632115,35162.117727974146,45432.06921200653
38,2025-09-21,DHR-Fourier,40399.05075,36847.263824871916,33130.34206006211,40564.18558968172,31162.72253270435,42531.80511703948
38,2025-09-22,DHR-Fourier,46284.62229167,42158.003921520394,38134.84936432621,46181.15847871458,36005.11998899761,48310.887854043176
38,2025-09-23,DHR-Fourier,44285.757375,42934.773568790166,38645.74528511769,47223.80185246264,36375.27086075876,49494.27627682157
39,2025-09-24,SNaive7,43634.139125,44145.92479167,,,,
39,2025-09-25,SNaive7,41689.40425,44093.93879167,,,,
39,2025-09-26,SNaive7,40746.89858333,45170.88108333,,,,
39,2025-09-27,SNaive7,37785.30783333,42290.73579167,,,,
39,2025-09-28,SNaive7,35828.939125,40399.05075,,,,
39,2025-09-29,SNaive7,42772.096625,46284.62229167,,,,
39,2025-09-30,SNaive7,45474.021,44285.757375,,,,
39,2025-09-24,SARIMA,43634.139125,43392.74336730356,41826.90313268613,44958.583601921,40997.99738290008,45787.489351707045
39,2025-09-25,SARIMA,41689.40425,43701.83256219666,41429.356517039516,45974.3086073538,40226.38036504275,47177.284759350565
39,2025-09-26,SARIMA,40746.89858333,43926.84660189486,41263.66274760124,46590.03045618848,39853.85837499827,47999.83482879145
39,2025-09-27,SARIMA,37785.30783333,40409.490898805285,37500.261818223145,43318.719979387424,35960.20897054009,44858.77282707048
39,2025-09-28,SARIMA,35828.939125,37171.54953806637,34099.3480481056,40243.75102802714,32473.022818219102,41870.076257913635
39,2025-09-29,SARIMA,42772.096625,43204.60667169776,40021.605456989586,46387.60788640593,38336.62639583257,48072.586947562944
39,2025-09-30,SARIMA,45474.021,43817.72656443342,40558.23841155776,47077.21471730908,38832.76961113559,48802.683517731246
39,2025-09-24,ETS,43634.139125,44401.072403104314,42830.31085579961,45971.83395040902,41998.75577731257,46803.389028896054
39,2025-09-25,ETS,41689.40425,44430.90192826957,42860.14038096487,46001.66347557428,42028.58530247783,46833.21855406131
39,2025-09-26,ETS,40746.89858333,44141.59429149221,42570.83274418751,45712.35583879692,41739.27766570047,46543.91091728395
39,2025-09-27,ETS,37785.30783333,40838.37994234564,39267.61839504093,42409.14148965034,38436.0633165539,43240.69656813738
39,2025-09-28,ETS,35828.939125,37584.41831388546,36013.65676658075,39155.17986119016,35182.10168809372,39986.7349396772
39,2025-09-29,ETS,42772.096625,43269.863643841425,41699.10209653672,44840.62519114613,40867.547018049685,45672.180269633165
39,2025-09-30,ETS,45474.021,44285.75742097812,42714.99587367342,45856.51896828283,41883.44079518638,46688.07404676986
39,2025-09-24,DHR-Fourier,43634.139125,43522.970771349566,41946.19672265047,45099.74482004866,41111.502961317005,45934.43858138213
39,2025-09-25,DHR-Fourier,41689.40425,43306.71189286318,40935.427921125294,45677.99586460107,39680.14601234918,46933.27777337719
39,2025-09-26,DHR-Fourier,40746.89858333,42911.35477167174,39989.09811616062,45833.611427182856,38442.14888688915,47380.56065645433
39,2025-09-27,DHR-Fourier,37785.30783333,39460.716998826756,36106.39744144401,42815.0365562095,34330.72792787218,44590.70606978133
39,2025-09-28,DHR-Fourier,35828.939125,36028.765492285354,32317.568308829806,39739.9626757409,30352.979191787705,41704.55179278301
39,2025-09-29,DHR-Fourier,42772.096625,41353.40622215444,37338.74315805869,45368.06928625018,35213.50890764639,47493.30353666248
39,2025-09-30,DHR-Fourier,45474.021,42130.539809465125,37852.98351583887,46408.09610309138,35588.581996173896,48672.49762275635
40,2025-10-01,SNaive7,45323.191,43634.139125,,,,
40,2025-10-02,SNaive7,45240.78283333,41689.40425,,,,
40,2025-10-03,SNaive7,45351.48733333,40746.89858333,,,,
40,2025-10-04,SNaive7,41813.20220833,37785.30783333,,,,
40,2025-10-05,SNaive7,39207.29358333,35828.939125,,,,
40,2025-10-06,SNaive7,47368.10983333,42772.096625,,,,
40,2025-10-07,SNaive7,47525.93920833,45474.021,,,,
40,2025-10-01,SARIMA,45323.191,45280.85050407321,43715.344153209706,46846.35685493672,42886.61515080649,47675.08585733994
40,2025-10-02,SARIMA,45240.78283333,44923.54885767774,42650.783033698615,47196.31468165687,41447.65348205966,48399.44423329583
40,2025-10-03,SARIMA,45351.48733333,44708.424292507865,42044.531625036674,47372.316959979056,40634.35202940301,48782.49655561272
40,2025-10-04,SARIMA,41813.20220833,41078.96702227994,38168.69349770978,43989.2405468501,36628.087754777334,45529.846289782545
40,2025-10-05,SARIMA,39207.29358333,37879.70135268819,34806.18039084279,40953.222314533596,33179.15667473294,42580.246030643444
40,2025-10-06,SARIMA,47368.10983333,43916.55247467638,40732.006959088125,47101.09799026463,39046.21039442687,48786.894554925886
40,2025-10-07,SARIMA,47525.93920833,44756.81588279766,41495.601115385696,48018.03065020962,39769.21830043946,49744.413465155856
40,2025-10-01,ETS,45323.191,45588.597557275556,44017.628300450044,47159.56681410107,43185.96326134729,47991.23185320382
40,2025-10-02,ETS,45240.78283333,45610.32552311051,44039.356266284994,47181.29477993602,43207.691227182244,48012.95981903877
40,2025-10-03,ETS,45351.48733333,45309.98274379739,43739.013486971875,46880.9520006229,42907.348447869124,47712.61703972565
40,2025-10-04,ETS,41813.20220833,41918.94768641857,40347.97842959306,43489.91694324408,39516.31339049031,44321.581982346834
40,2025-10-05,ETS,39207.29358333,38582.37358550229,37011.40432867678,40153.3428423278,36179.73928957403,40985.00788143055
40,2025-10-06,ETS,47368.10983333,44424.46504461845,42853.49578779294,45995.434301443966,42021.83074869019,46827.099340546716
40,2025-10-07,ETS,47525.93920833,45474.020974796076,43903.051717970564,47044.99023162159,43071.38667886781,47876.65527072434
40,2025-10-01,DHR-Fourier,45323.191,45349.854913868876,43773.86262467617,46925.84720306158,42939.58270182729,47760.12712591046
40,2025-10-02,DHR-Fourier,45240.78283333,45041.35738404761,42670.56871254286,47412.14605555236,41415.54899987209,48667.16576822313
40,2025-10-03,DHR-Fourier,45351.48733333,44563.87979141968,41643.52052870733,47484.23905413202,40097.57571851116,49030.183864328195
40,2025-10-04,DHR-Fourier,41813.20220833,41037.36697003547,37687.13545609671,44387.59848397424,35913.63002200195,46161.103918069
40,2025-10-05,DHR-Fourier,39207.29358333,37537.035252318485,33832.60566228156,41241.46484235541,31871.599092789893,43202.47141184707
40,2025-10-06,DHR-Fourier,47368.10983333,42797.28291287769,38792.397220545594,46802.16860520978,36672.338798096775,48922.2270276586
40,2025-10-07,DHR-Fourier,47525.93920833,43514.566775443986,39250.02652180432,47779.10702908365,36992.51527749811,50036.61827338986
41,2025-10-08,SNaive7,45220.648,45323.191,,,,
41,2025-10-09,SNaive7,44971.14341667,45240.78283333,,,,
41,2025-10-10,SNaive7,44658.59633333,45351.48733333,,,,
41,2025-10-11,SNaive7,41011.98191667,41813.20220833,,,,
41,2025-10-12,SNaive7,38661.73279167,39207.29358333,,,,
41,2025-10-13,SNaive7,45987.354,47368.10983333,,,,
41,2025-10-14,SNaive7,46158.71841667,47525.93920833,,,,
41,2025-10-08,SARIMA,45220.648,46561.149174062455,44996.789738235726,48125.508609889184,44168.66787597841,48953.6304721465
41,2025-10-09,SARIMA,44971.14341667,46049.98642786115,43778.76273289087,48321.21012283143,42576.44953503699,49523.52332068531
41,2025-10-10,SARIMA,44658.59633333,45721.4193087856,43059.17638308899,48383.6622344822,41649.87010799746,49792.96850957373
41,2025-10-11,SARIMA,41011.98191667,41965.43235805712,39056.80669002665,44874.058026087594,37517.073269653294,46413.79144646095
41,2025-10-12,SARIMA,38661.73279167,38747.474399578525,35675.552874881665,41819.395924275384,34049.375849653516,43445.572949503534
41,2025-10-13,SARIMA,45987.354,45040.527872183906,41857.51600995686,48223.53973441095,40172.53131234383,49908.52443202398
41,2025-10-14,SARIMA,46158.71841667,45681.67194739482,42421.92220438697,48941.42169040267,40696.31492651361,50667.02896827603
41,2025-10-08,ETS,45220.648,47643.208017696204,46073.41198058614,49213.00405480627,45242.36803945606,50044.04799593635
41,2025-10-09,ETS,44971.14341667,47664.160065514625,46094.36402840456,49233.95610262469,45263.32008727448,50065.00004375477
41,2025-10-10,ETS,44658.59633333,47350.993466694104,45781.19742958404,48920.78950380417,44950.15348845396,49751.83344493425
41,2025-10-11,ETS,41011.98191667,43805.23482742982,42235.43879031976,45375.03086453988,41404.39484918967,46206.07480566997
41,2025-10-12,ETS,38661.73279167,40320.33475669984,38750.53871958978,41890.130793809905,37919.494778459695,42721.17473493999
41,2025-10-13,ETS,45987.354,46434.66323774187,44864.86720063181,48004.459274851935,44033.823259501725,48835.50321598202
41,2025-10-14,ETS,46158.71841667,47525.939222566325,45956.14318545626,49095.73525967639,45125.09924432618,49926.77920080647
41,2025-10-08,DHR-Fourier,45220.648,46882.1682758224,45307.19302142046,48457.14353022433,44473.45148426839,49290.8850673764
41,2025-10-09,DHR-Fourier,44971.14341667,46499.1790741731,44131.186555643406,48867.1715927028,42877.647036945855,50120.71111140035
41,2025-10-10,DHR-Fourier,44658.59633333,45953.96188876105,43039.15936353413,48868.76441398797,41496.15611247654,50411.767665045554
41,2025-10-11,DHR-Fourier,41011.98191667,42359.52099614507,39018.15273726404,45700.88925502609,37249.3392269791,47469.702765311034
41,2025-10-12,DHR-Fourier,38661.73279167,38798.44733341898,35106.543970215156,42490.35069662281,33152.1683846614,44444.72628217656
41,2025-10-13,DHR-Fourier,45987.354,44009.433909309126,40020.97796081252,47997.889857805734,37909.616919381035,50109.25089923722
41,2025-10-14,DHR-Fourier,46158.71841667,44666.867088501596,40422.82005490657,48910.91412209662,38176.15726598622,51157.57691101697
42,2025-10-15,SNaive7,45272.67695833,45220.648,,,,
42,2025-10-16,SNaive7,46159.69575,44971.14341667,,,,
42,2025-10-17,SNaive7,47812.44925,44658.59633333,,,,
42,2025-10-18,SNaive7,44310.048875,41011.98191667,,,,
42,2025-10-19,SNaive7,37169.76925,38661.73279167,,,,
42,2025-10-20,SNaive7,40340.77841667,45987.354,,,,
42,2025-10-21,SNaive7,40420.62275,46158.71841667,,,,
42,2025-10-15,SARIMA,45272.67695833,45178.92341347938,43616.22556309745,46741.621263861314,42788.98329104256,47568.8635359162
42,2025-10-16,SARIMA,46159.69575,44890.55553990581,42621.65628107639,47159.45479873522,41420.57356538766,48360.53751442395
42,2025-10-17,SARIMA,47812.44925,44716.71121797741,42058.03666281984,47375.385773134985,40650.61936898693,48782.80306696789
42,2025-10-18,SARIMA,44310.048875,41107.29415883038,38203.53197118746,44011.0563464733,36666.373121813165,45548.215195847595
42,2025-10-19,SARIMA,37169.76925,38147.47478233125,35081.6142318667,41213.3353327958,33458.64569258711,42836.30387207539
42,2025-10-20,SARIMA,40340.77841667,44711.34017062534,41535.43792128081,47887.24241996987,39854.21682538575,49568.46351586493
42,2025-10-21,SARIMA,40420.62275,45349.856896777164,42098.10542930711,48601.60836424722,40376.73218274491,50322.98161080942
42,2025-10-15,ETS,45272.67695833,46262.160822695405,44692.57500069962,47831.74664469119,43861.64234663672,48662.67929875409
42,2025-10-16,ETS,46159.69575,46282.18659452462,44712.60077252883,47851.772416520405,43881.66811846593,48682.7050705833
42,2025-10-17,ETS,47812.44925,45978.92942986689,44409.3436078711,47548.51525186268,43578.410953808205,48379.447905925575
42,2025-10-18,ETS,44310.048875,42535.658802199236,40966.07298020345,44105.244624195024,40135.14032614055,44936.17727825792
42,2025-10-19,ETS,37169.76925,39156.81515777133,37587.22933577554,40726.40097976712,36756.29668171264,41557.333633830014
42,2025-10-20,ETS,40340.77841667,45102.10087541062,43532.515053414834,46671.68669740641,42701.58239935194,47502.61935146931
42,2025-10-21,ETS,40420.62275,46158.71843017034,44589.13260817455,47728.30425216613,43758.19995411165,48559.23690622902
42,2025-10-15,DHR-Fourier,45272.67695833,45563.21022230027,43990.096801740336,47136.32364286021,43157.34085988889,47969.07958471165
42,2025-10-16,DHR-Fourier,46159.69575,45212.699146948806,42848.162715791754,47577.23557810586,41596.45273923498,48828.945554662634
42,2025-10-17,DHR-Fourier,47812.44925,44701.6307276579,41793.87431876761,47609.3871365482,40254.601056387015,49148.66039892879
42,2025-10-18,DHR-Fourier,44310.048875,41139.17743799836,37809.43846152005,44468.91641447668,36046.7811214729,46231.57375452382
42,2025-10-19,DHR-Fourier,37169.76925,37615.23485403641,33940.16307681483,41290.30663125799,31994.697594661317,43235.772113411505
42,2025-10-20,DHR-Fourier,40340.77841667,42867.05411878039,38901.03889269397,46833.06934486681,36801.55725212596,48932.55098543482
42,2025-10-21,DHR-Fourier,40420.62275,43554.99848030339,39339.26679069835,47770.73016990843,37107.59323945473,50002.40372115205
43,2025-10-22,SNaive7,40662.95429167,45272.67695833,,,,
43,2025-10-23,SNaive7,41267.891375,46159.69575,,,,
43,2025-10-24,SNaive7,42372.49933333,47812.44925,,,,
43,2025-10-25,SNaive7,41042.48008333,44310.048875,,,,
43,2025-10-26,SNaive7,39394.11754167,37169.76925,,,,
43,2025-10-27,SNaive7,45149.77225,40340.77841667,,,,
43,2025-10-28,SNaive7,45894.49558333,40420.62275,,,,
43,2025-10-22,SARIMA,40662.95429167,40309.367052996335,38743.431342119606,41875.302763873064,37914.47505025491,42704.25905573776
43,2025-10-23,SARIMA,41267.891375,40983.57610482919,38703.2289615328,43263.92324812558,37496.08610187294,44471.06610778544
43,2025-10-24,SARIMA,42372.49933333,41755.69987253052,39081.13804309725,44430.261701963784,37665.31053428556,45846.08921077547
43,2025-10-25,SARIMA,41042.48008333,38709.34036883248,35786.707027000535,41631.97371066443,34239.558392036015,43179.12234562895
43,2025-10-26,SARIMA,39394.11754167,35511.46201389209,32424.585560886597,38598.33846689758,30790.491874821273,40232.4321529629
43,2025-10-27,SARIMA,45149.77225,41888.81736127846,38690.312824914516,45087.3218976424,36997.12680101817,46780.50792153875
43,2025-10-28,SARIMA,45894.49558333,42765.78189223283,39490.238814428165,46041.324970037494,37756.271050132265,47775.292734333394
43,2025-10-22,ETS,40662.95429167,40510.26452714273,38936.22062514449,42084.308429140976,38102.92788079755,42917.601173487914
43,2025-10-23,ETS,41267.891375,40534.08405869334,38960.0401566951,42108.127960691585,38126.74741234816,42941.42070503852
43,2025-10-24,ETS,42372.49933333,40279.1206063566,38705.076704358355,41853.16450835484,37871.78396001142,42686.45725270178
43,2025-10-25,ETS,41042.48008333,37266.19463909647,35692.15073709823,38840.23854109472,34858.85799275129,39673.531285441655
43,2025-10-26,ETS,39394.11754167,34294.596262543266,32720.55236054502,35868.64016454151,31887.25961619808,36701.93290888845
43,2025-10-27,ETS,45149.77225,39495.4504150634,37921.40651306516,41069.494317061646,37088.11376871822,41902.787061408584
43,2025-10-28,ETS,45894.49558333,40420.62276289144,38846.5788608932,41994.666664889686,38013.28611654626,42827.959409236624
43,2025-10-22,DHR-Fourier,40662.95429167,40116.00178378113,38542.0342995635,41689.969267998764,37708.82624372183,42523.177323840435
43,2025-10-23,DHR-Fourier,41267.891375,39992.20855271972,37623.804349123995,42360.612756315444,36370.046897516826,43614.37020792261
43,2025-10-24,DHR-Fourier,42372.49933333,39704.1267022437,36794.39053475118,42613.86286973622,35254.06925147274,44154.18415301466
43,2025-10-25,DHR-Fourier,41042.48008333,36347.75527992034,33020.12064764478,39675.389912195904,31258.577280128568,41436.93327971212
43,2025-10-26,DHR-Fourier,39394.11754167,33007.76662254052,29340.19416378255,36675.33908129849,27398.698581020137,38616.8346640609
43,2025-10-27,DHR-Fourier,45149.77225,38442.49828340317,34490.229489358964,42394.76707744737,32398.024770348416,44486.97179645792
43,2025-10-28,DHR-Fourier,45894.49558333,39312.370919721565,35117.198337907554,43507.543501535576,32896.408120915854,45728.333718527276
44,2025-10-29,SNaive7,46803.11366667,40662.95429167,,,,
44,2025-10-30,SNaive7,45600.37983333,41267.891375,,,,
44,2025-10-31,SNaive7,43929.88004167,42372.49933333,,,,
44,2025-11-01,SNaive7,40827.64545833,41042.48008333,,,,
44,2025-11-02,SNaive7,38919.66691667,39394.11754167,,,,
44,2025-11-03,SNaive7,44463.189875,45149.77225,,,,
44,2025-11-04,SNaive7,45497.67016667,45894.49558333,,,,
44,2025-10-29,SARIMA,46803.11366667,45198.77072488534,43634.382757372536,46763.158692398145,42806.24579135296,47591.29565841772
44,2025-10-30,SARIMA,45600.37983333,45102.60187536326,42823.61867369004,47381.58507703648,41617.19784111113,48588.00590961539
44,2025-10-31,SARIMA,43929.88004167,45288.65193128462,42615.89332313172,47961.41053943752,41201.020382004775,49376.28348056447
44,2025-11-01,SARIMA,40827.64545833,41983.623233963255,39063.35406118087,44903.89240674564,37517.45694171283,46449.78952621368
44,2025-11-02,SARIMA,38919.66691667,38585.23371159606,35501.276187968004,41669.19123522412,33868.72768977733,43301.73973341479
44,2025-11-03,SARIMA,44463.189875,44477.807732979585,41282.72421259083,47672.89125336834,39591.349165158914,49364.26630080026
44,2025-11-04,SARIMA,45497.67016667,45010.73925920133,41739.051007362774,48282.42751103988,40007.12386466868,50014.35465373397
44,2025-10-29,ETS,46803.11366667,45993.991924358306,44420.60526292373,47567.37858579288,43587.660459185245,48400.32338953137
44,2025-10-30,ETS,45600.37983333,46020.33275910151,44446.946097666936,47593.71942053609,43614.00129392845,48426.66422427457
44,2025-10-31,ETS,43929.88004167,45733.31027170354,44159.92361026897,47306.69693313812,43326.97880653048,48139.641736876605
44,2025-11-01,ETS,40827.64545833,42316.829412295534,40743.44275086096,43890.21607373011,39910.49794712247,44723.160877468596
44,2025-11-02,ETS,38919.66691667,38945.9963408407,37372.60967940612,40519.38300227527,36539.66487566764,41352.32780601376
44,2025-11-03,ETS,44463.189875,44848.22638713868,43274.83972570411,46421.61304857326,42441.89492196562,47254.557852311744
44,2025-11-04,ETS,45497.67016667,45894.495587928206,44321.10892649363,47467.88224936278,43488.164122755144,48300.82705310127
44,2025-10-29,DHR-Fourier,46803.11366667,45414.199440748205,43842.016545601975,46986.382335894436,43009.75319414941,47818.645687347
44,2025-10-30,DHR-Fourier,45600.37983333,45048.903887815155,42682.59259569789,47415.21517993242,41429.94306450299,48667.86471112732
44,2025-10-31,DHR-Fourier,43929.88004167,44535.22815012187,41630.97650424591,47439.479795997824,40093.55855133432,48976.89774890942
44,2025-11-01,DHR-Fourier,40827.64545833,40967.73871043924,37650.38366575664,44285.09375512184,35894.28198320474,46041.19543767374
44,2025-11-02,DHR-Fourier,38919.66691667,37427.011865309,33775.33915912549,41078.684571492515,31842.2603969542,43011.76333366381
44,2025-11-03,DHR-Fourier,44463.189875,42666.721592131704,38736.48604531371,46596.9571389497,36655.94502283393,48677.49816142948
44,2025-11-04,DHR-Fourier,45497.67016667,43350.43058535373,39183.73833335539,47517.12283735207,36978.024692260835,49722.836478446625
45,2025-11-05,SNaive7,46878.37379167,46803.11366667,,,,
45,2025-11-06,SNaive7,45241.21908333,45600.37983333,,,,
45,2025-11-07,SNaive7,45166.28045833,43929.88004167,,,,
45,2025-11-08,SNaive7,42119.55708333,40827.64545833,,,,
45,2025-11-09,SNaive7,36797.44070833,38919.66691667,,,,
45,2025-11-10,SNaive7,41871.22454167,44463.189875,,,,
45,2025-11-11,SNaive7,43876.70904167,45497.67016667,,,,
45,2025-11-05,SARIMA,46878.37379167,45178.050512686255,43614.49810280469,46741.60292256782,42786.8034542767,47569.29757109581
45,2025-11-06,SARIMA,45241.21908333,44945.84293353162,42667.79130395559,47223.89456310764,41461.86361585632,48429.82225120692
45,2025-11-07,SARIMA,45166.28045833,44865.945498705965,42194.308170581295,47537.582826830636,40780.028799246444,48951.86219816549
45,2025-11-08,SARIMA,42119.55708333,41623.94982768577,38704.990953785156,44542.908701586384,37159.787464646084,46088.11219072546
45,2025-11-09,SARIMA,36797.44070833,38494.172670957385,35411.69498722441,41576.65035469036,33779.92986895378,43208.41547296099
45,2025-11-10,SARIMA,41871.22454167,44352.69331833801,41159.23497831884,47546.15165835718,39468.720249406666,49236.66638726935
45,2025-11-11,SARIMA,43876.70904167,44986.83146615599,41716.88965113926,48256.773281172726,39985.88701625333,49987.77591605866
45,2025-11-05,ETS,46878.37379167,45600.09012430464,44028.0385487548,47172.14169985448,43195.800534311966,48004.37971429731
45,2025-11-06,ETS,45241.21908333,45621.08363223896,44049.03205668912,47193.1352077888,43216.794042246285,48025.37322223163
45,2025-11-07,ETS,45166.28045833,45330.862087187226,43758.810511637384,46902.91366273707,42926.57249719455,47735.1516771799
45,2025-11-08,ETS,42119.55708333,41945.4120568822,40373.36048133236,43517.463632432045,39541.12246688953,44349.70164687488
45,2025-11-09,ETS,36797.44070833,38610.12344523309,37038.07186968325,40182.17502078293,36205.83385524042,41014.41303522576
45,2025-11-10,ETS,41871.22454167,44460.21441244275,42888.16283689291,46032.26598799259,42055.92482245008,46864.504002435424
45,2025-11-11,ETS,43876.70904167,45497.67016671537,43925.61859116553,47069.72174226521,43093.380576722695,47901.95975670804
45,2025-11-05,DHR-Fourier,46878.37379167,45089.45333443599,43520.899428856705,46658.00724001527,42690.55714843773,47488.34952043425
45,2025-11-06,DHR-Fourier,45241.21908333,44732.2723599673,42374.43573024939,47090.108989685206,41126.272414336876,48338.27230559772
45,2025-11-07,DHR-Fourier,45166.28045833,44227.078524893725,41338.172064573286,47115.98498521416,39808.877362206214,48645.279687581235
45,2025-11-08,DHR-Fourier,42119.55708333,40676.24178352953,37382.146550912425,43970.33701614663,35638.35786909572,45714.12569796333
45,2025-11-09,DHR-Fourier,36797.44070833,37158.23677599925,33538.34709547073,40778.12645652777,31622.09325076457,42694.38030123393
45,2025-11-10,DHR-Fourier,41871.22454167,42416.7500498141,38527.16236529293,46306.33773433528,36468.13902132815,48365.361078300055
45,2025-11-11,DHR-Fourier,43876.70904167,43120.66953003779,39003.64848036727,47237.69057970831,36824.229185463395,49417.109874612186
46,2025-11-12,SNaive7,45393.72658333,46878.37379167,,,,
46,2025-11-13,SNaive7,46662.62329167,45241.21908333,,,,
46,2025-11-14,SNaive7,46683.30345833,45166.28045833,,,,
46,2025-11-15,SNaive7,41608.78220833,42119.55708333,,,,
46,2025-11-16,SNaive7,40388.653,36797.44070833,,,,
46,2025-11-17,SNaive7,47603.75304167,41871.22454167,,,,
46,2025-11-18,SNaive7,47148.26775,43876.70904167,,,,
46,2025-11-12,SARIMA,45393.72658333,44219.237057226856,42655.163673490395,45783.310440963316,41827.19323806266,46611.28087639105
46,2025-11-13,SARIMA,46662.62329167,43952.36457415246,41673.97611169967,46230.75303660525,40467.87011504624,47436.85903325868
46,2025-11-14,SARIMA,46683.30345833,44037.57708248627,41366.36080614009,46708.79335883245,39952.304326152924,48122.84983881962
46,2025-11-15,SARIMA,41608.78220833,40967.121384015365,38049.45928699506,43884.78348103567,36504.942270069754,45429.300497960976
46,2025-11-16,SARIMA,40388.653,37596.99536320846,34516.66108705092,40677.329639366,32886.0306202116,42307.96010620532
46,2025-11-17,SARIMA,47603.75304167,43425.08897617515,40234.53386167917,46615.644090671136,38545.556007523366,48304.62194482694
46,2025-11-18,SARIMA,47148.26775,44365.64762496946,41099.26278738608,47632.032462552845,39370.14310261293,49361.15214732599
46,2025-11-12,ETS,45393.72658333,43981.72003007175,42409.910603592325,45553.52945655118,41577.80078192936,46385.63927821414
46,2025-11-13,ETS,46662.62329167,43995.781585116456,42423.97215863703,45567.59101159588,41591.86233697407,46399.700833258845
46,2025-11-14,ETS,46683.30345833,43717.70019155696,42145.890765077536,45289.50961803639,41313.780943414575,46121.61943969935
46,2025-11-15,ETS,41608.78220833,40455.09940842165,38883.289981942224,42026.90883490108,38051.18016027926,42859.01865656404
46,2025-11-16,ETS,40388.653,37231.21612065647,35659.40669417704,38803.0255471359,34827.29687251408,39635.13536879886
46,2025-11-17,ETS,47603.75304167,42871.37199316281,41299.56256668338,44443.181419642235,40467.45274502042,45275.291241305196
46,2025-11-18,ETS,47148.26775,43876.70902641716,42304.89959993773,45448.518452896584,41472.78977827477,46280.628274559545
46,2025-11-12,DHR-Fourier,45393.72658333,43715.23129100408,42149.36755478774,45281.09502722041,41320.449364006745,46110.01321800141
46,2025-11-13,DHR-Fourier,46662.62329167,43431.021143029386,41082.36642169238,45779.67586436639,39839.06371446949,47022.97857158928
46,2025-11-14,DHR-Fourier,46683.30345833,43003.2034068179,40131.89557549614,45874.511238139654,38611.91702457471,47394.48978906109
46,2025-11-15,DHR-Fourier,41608.78220833,39528.9514915592,36261.92446623339,42795.978516885014,34532.46482780445,44525.438155313954
46,2025-11-16,DHR-Fourier,40388.653,36076.73389801507,32493.97567163143,39659.492124398705,30597.378031407803,41556.08976462233
46,2025-11-17,DHR-Fourier,47603.75304167,41405.72930962061,37563.63474412373,45247.823875117494,35529.752738696676,47281.70588054455
46,2025-11-18,DHR-Fourier,47148.26775,42184.33057665208,38125.25750593057,46243.40364737359,35976.514018096525,48392.14713520763
47,2025-11-19,SNaive7,45158.834125,45393.72658333,,,,
47,2025-11-20,SNaive7,41903.27658333,46662.62329167,,,,
47,2025-11-21,SNaive7,44822.17170833,46683.30345833,,,,
47,2025-11-22,SNaive7,44059.17166667,41608.78220833,,,,
47,2025-11-23,SNaive7,40642.54433333,40388.653,,,,
47,2025-11-24,SNaive7,45204.07183333,47603.75304167,,,,
47,2025-11-25,SNaive7,44803.89445833,47148.26775,,,,
47,2025-11-19,SARIMA,45158.834125,46737.426413509835,45172.40616570278,48302.44666131689,44343.93449071366,49130.91833630601
47,2025-11-20,SARIMA,41903.27658333,46352.68970516174,44071.81302106995,48633.56638925353,42864.38983944599,49840.98957087749
47,2025-11-21,SARIMA,44822.17170833,46117.17726255971,43442.549279481536,48791.80524563788,42026.686751045614,50207.6677740738
47,2025-11-22,SARIMA,44059.17166667,42459.06241725358,39537.324556610554,45380.80027789661,37990.6499607529,46927.47487375427
47,2025-11-23,SARIMA,40642.54433333,39217.6287222387,36132.71713592004,42302.54030855737,34499.66358744875,43935.59385702866
47,2025-11-24,SARIMA,45204.07183333,45086.628172366945,41891.11038043584,48282.14596429805,40199.50544353598,49973.75090119791
47,2025-11-25,SARIMA,44803.89445833,45644.14307539855,42372.49782445074,48915.78832634636,40640.59344505317,50647.692705743924
47,2025-11-19,ETS,45158.834125,47265.35763960918,45692.47888042313,48838.236398795234,44859.80295816755,49670.91232105081
47,2025-11-20,ETS,41903.27658333,47284.19902488285,45711.3202656968,48857.077784068904,44878.64434344122,49689.75370632448
47,2025-11-21,ETS,44822.17170833,46984.93341590852,45412.05465672247,48557.81217509457,44579.37873446689,49390.48809735015
47,2025-11-22,ETS,44059.17166667,43469.26737677444,41896.38861758839,45042.146135960495,41063.71269533281,45874.82205821607
47,2025-11-23,ETS,40642.54433333,40012.30201079144,38439.42325160539,41585.180769977494,37606.74732934981,42417.85669223307
47,2025-11-24,ETS,45204.07183333,46077.02817977278,44504.14942058673,47649.90693895883,43671.47349833115,48482.58286121441
47,2025-11-25,ETS,44803.89445833,47148.26777327889,45575.389014092834,48721.14653246494,44742.71309183726,49553.82245472052
47,2025-11-19,DHR-Fourier,45158.834125,46380.540283204726,44815.13156717098,47945.94899923847,43986.4542495246,48774.62631688485
47,2025-11-20,DHR-Fourier,41903.27658333,45961.50774948531,43615.94206991365,48307.07342905697,42374.27460262394,49548.74089634668
47,2025-11-21,DHR-Fourier,44822.17170833,45404.412576996154,42542.36217509576,48266.46297889655,41027.28421128784,49781.540942704465
47,2025-11-22,DHR-Fourier,44059.17166667,41804.2673879644,38554.297892197435,45054.23688373136,36833.867964473255,46774.66681145554
47,2025-11-23,DHR-Fourier,40642.54433333,38250.73609251715,34693.72252066444,41807.74966436986,32810.75327732012,43690.71890771419
47,2025-11-24,DHR-Fourier,45204.07183333,43485.957608298566,39678.76053433171,47293.15468226542,37663.35214501366,49308.56307158347
47,2025-11-25,DHR-Fourier,44803.89445833,44166.83292010789,40152.00347520623,48181.66236500955,38026.68114811559,50306.98469210019
48,2025-11-26,SNaive7,45031.875625,45158.834125,,,,
48,2025-11-27,SNaive7,45668.05675,41903.27658333,,,,
48,2025-11-28,SNaive7,46945.022375,44822.17170833,,,,
48,2025-11-29,SNaive7,44041.74366667,44059.17166667,,,,
48,2025-11-30,SNaive7,41679.84,40642.54433333,,,,
48,2025-12-01,SNaive7,49317.68354167,45204.07183333,,,,
48,2025-12-02,SNaive7,49717.447625,44803.89445833,,,,
48,2025-11-26,SARIMA,45031.875625,44536.27060319842,42966.56691316707,46105.97429322977,42135.61597362551,46936.92523277133
48,2025-11-27,SARIMA,45668.05675,43991.94249559888,41702.45387437299,46281.431116824766,40490.471808611655,47493.413182586104
48,2025-11-28,SARIMA,46945.022375,44530.31802703163,41847.14247082909,47213.49358323417,40426.75513050439,48633.88092355887
48,2025-11-29,SARIMA,44041.74366667,41562.12462023661,38633.11118121791,44491.13805925531,37082.58512681724,46041.66411365598
48,2025-11-30,SARIMA,41679.84,38477.76467539077,35387.21966388927,41568.309686892266,33751.18396026459,43204.345390516944
48,2025-12-01,SARIMA,49317.68354167,44288.6251335271,41089.13446814985,47488.11579890435,39395.42641908702,49181.82384796718
48,2025-12-02,SARIMA,49717.447625,44819.581517234765,41545.48736303127,48093.67567143826,39812.286612558026,49826.876421911504
48,2025-11-26,ETS,45031.875625,44907.504384905995,43327.05547972757,46487.95329008442,42490.37195150809,47324.6368183039
48,2025-11-27,ETS,45668.05675,44913.30791931273,43332.8590141343,46493.75682449115,42496.17548591482,47330.44035271063
48,2025-11-28,ETS,46945.022375,44642.93725664904,43062.488351470616,46223.38616182747,42225.804823251136,47060.06969004695
48,2025-11-29,ETS,44041.74366667,41314.94954525908,39734.50064008065,42895.398450437504,38897.81711186117,43732.081978656985
48,2025-11-30,ETS,41679.84,38031.51083494503,36451.061929766605,39611.95974012346,35614.378401547125,40448.64326834294
48,2025-12-01,ETS,49317.68354167,43790.493433401374,42210.04452822295,45370.9423385798,41373.36100000347,46207.62586679928
48,2025-12-02,ETS,49717.447625,44803.89447988143,43223.445574703,46384.34338505985,42386.76204648352,47221.02691327933
48,2025-11-26,DHR-Fourier,45031.875625,44247.86982823253,42680.32329626971,45815.41636019535,41850.51428723079,46645.225369234264
48,2025-11-27,DHR-Fourier,45668.05675,43968.51786492708,41621.93948340187,46315.096246452296,40379.73592408082,47557.29980577334
48,2025-11-28,DHR-Fourier,46945.022375,43567.96781541397,40711.76573134091,46424.16989948703,39199.783679980814,47936.151950847125
48,2025-11-29,DHR-Fourier,44041.74366667,40117.26791624574,36882.53900440519,43351.996828086296,35170.17695446791,45064.35887802357
48,2025-11-30,DHR-Fourier,41679.84,36696.75366149214,33165.706794199185,40227.8005287851,31296.483493918986,42097.02382906529
48,2025-12-01,DHR-Fourier,49317.68354167,42056.18288136317,38286.357074169835,45826.00868855651,36290.73183847149,47821.63392425486
48,2025-12-02,DHR-Fourier,49717.447625,42854.2595502155,38888.47201288634,46820.04708754466,36789.11090346568,48919.40819696533
49,2025-12-03,SNaive7,48805.0015,45031.875625,,,,
49,2025-12-04,SNaive7,47123.823375,45668.05675,,,,
49,2025-12-05,SNaive7,46304.83945833,46945.022375,,,,
49,2025-12-06,SNaive7,44083.91879167,44041.74366667,,,,
49,2025-12-07,SNaive7,41485.27795833,41679.84,,,,
49,2025-12-08,SNaive7,47039.65779167,49317.68354167,,,,
49,2025-12-09,SNaive7,46979.761125,49717.447625,,,,
49,2025-12-03,SARIMA,48805.0015,48924.06477476966,47355.38243745437,50492.747112084944,46524.97216938118,51323.15738015813
49,2025-12-04,SARIMA,47123.823375,47887.051108693755,45596.9350351659,50177.16718222161,44384.620816219765,51389.481401167744
49,2025-12-05,SARIMA,46304.83945833,47965.05772251219,45279.49447055757,50650.62097446681,43857.84316045239,52072.27228457199
49,2025-12-06,SARIMA,44083.91879167,44519.960733419626,41586.88229381779,47453.03917302146,40034.20435809376,49005.71710874549
49,2025-12-07,SARIMA,41485.27795833,41143.73958390076,38047.631421351725,44239.84774644979,36408.650763453756,45878.82840434776
49,2025-12-08,SARIMA,47039.65779167,46908.62831427542,43702.28793690393,50114.96869164691,42004.953869342615,51812.30275920822
49,2025-12-09,SARIMA,46979.761125,47131.40878340165,43849.389429963354,50413.42813683995,42111.993332437,52150.82423436631
49,2025-12-03,ETS,48805.0015,49829.930366322624,48250.61852985706,51409.242202788184,47414.53696140951,52245.32377123574
49,2025-12-04,ETS,47123.823375,49836.22930356197,48256.91746709641,51415.54114002753,47420.83589864886,52251.622708475086
49,2025-12-05,ETS,46304.83945833,49540.38916124209,47961.07732477653,51119.70099770765,47124.99575632898,51955.782566155205
49,2025-12-06,ETS,44083.91879167,45846.82140869576,44267.5095722302,47426.13324516132,43431.42800378265,48262.21481360887
49,2025-12-07,ETS,41485.27795833,42205.14173237024,40625.82989590468,43784.4535688358,39789.74832745713,44620.535137283354
49,2025-12-08,ETS,47039.65779167,48599.638203531635,47020.326367066074,50178.950039997195,46184.24479861852,51015.03160844475
49,2025-12-09,ETS,46979.761125,49717.447635945806,48138.135799480246,51296.759472411366,47302.05423103269,52132.84104085892
49,2025-12-03,DHR-Fourier,48805.0015,48935.621193103296,47370.270539223544,50500.97184698305,46541.62395782486,51329.618428381735
49,2025-12-04,DHR-Fourier,47123.823375,48371.37298940082,46030.38548186439,50712.36049693725,44791.14155245524,51951.6044263464
49,2025-12-05,DHR-Fourier,46304.83945833,47709.94050963086,44865.573775210716,50554.30724405101,43359.856979501325,52060.0240397604
49,2025-12-06,DHR-Fourier,44083.91879167,44017.23691915245,40801.7963324,47232.677505904896,39099.64490498717,48934.82893331772
49,2025-12-07,DHR-Fourier,41485.27795833,40376.32817571766,36872.5852830482,43880.071068387115,35017.81583384239,45734.84051759293
49,2025-12-08,DHR-Fourier,47039.65779167,45538.21497844655,41803.90962902245,49272.520327870654,39827.08778783973,51249.34216905337
49,2025-12-09,DHR-Fourier,46979.761125,46145.036913410164,42222.95912202487,50067.11470479546,40146.736554412986,52143.33727240734
50,2025-12-10,SNaive7,46008.13933333,48805.0015,,,,
50,2025-12-11,SNaive7,47592.01625,47123.823375,,,,
50,2025-12-12,SNaive7,48636.02570833,46304.83945833,,,,
50,2025-12-13,SNaive7,44699.28816667,44083.91879167,,,,
50,2025-12-14,SNaive7,40641.682875,41485.27795833,,,,
50,2025-12-15,SNaive7,48081.393625,47039.65779167,,,,
50,2025-12-16,SNaive7,49292.85816667,46979.761125,,,,
50,2025-12-10,SARIMA,46008.13933333,46519.58238513951,44953.20128846979,48085.96348180923,44124.009223608264,48915.15554667076
50,2025-12-11,SARIMA,47592.01625,45757.76512548088,43471.01226284322,48044.51798811854,42260.47842019793,49255.051830763834
50,2025-12-12,SARIMA,48636.02570833,46009.57322691018,43328.32900704501,48690.81744677535,41908.96405441954,50110.182399400815
50,2025-12-13,SARIMA,44699.28816667,43031.01880391224,40103.07584684474,45958.961760979735,38553.116471358546,47508.92113646593
50,2025-12-14,SARIMA,40641.682875,40006.3346122941,36916.04406056594,43096.62516402226,35280.143059808484,44732.526164779716
50,2025-12-15,SARIMA,48081.393625,45926.864633615616,42726.90231945123,49126.826947780006,41032.94459460227,50820.784672628964
50,2025-12-16,SARIMA,49292.85816667,46263.44819105493,42988.26105565391,49538.63532645595,41254.48171588463,51272.41466622523
50,2025-12-10,ETS,46008.13933333,47082.87272300921,45504.21785823188,48661.52758778654,44668.48408805118,49497.26135796725
50,2025-12-11,ETS,47592.01625,47082.61083089855,45503.95596612122,48661.26569567588,44668.222195940514,49496.999465856585
50,2025-12-12,ETS,48636.02570833,46802.395491856994,45223.740627079664,48381.050356634325,44388.00685689896,49216.78412681503
50,2025-12-13,ETS,44699.28816667,43320.360795627435,41741.705930850105,44899.015660404766,40905.9721606694,45734.74943058547
50,2025-12-14,ETS,40641.682875,39885.54079904126,38306.885934263926,41464.19566381859,37471.15216408322,42299.92943399929
50,2025-12-15,ETS,48081.393625,45926.92956041181,44348.27469563448,47505.58442518914,43512.54092545377,48341.318195369844
50,2025-12-16,ETS,49292.85816667,46979.76114196105,45401.10627718372,48558.41600673838,44565.37250700301,49394.14977691908
50,2025-12-10,DHR-Fourier,46008.13933333,46390.99260400474,44830.81225396824,47951.17295404125,44004.902666094844,48777.08254191464
50,2025-12-11,DHR-Fourier,47592.01625,46046.02893392685,43716.31677445051,48375.74109340319,42483.04165375584,49609.01621409786
50,2025-12-12,DHR-Fourier,48636.02570833,45592.13971211655,42768.07364167617,48416.20578255693,41273.103368329204,49911.176055903896
50,2025-12-13,DHR-Fourier,44699.28816667,42103.20410344721,38918.26012648342,45288.148080411,37232.25262911143,46974.15557778299
50,2025-12-14,DHR-Fourier,40641.682875,38652.6663276406,35190.069745342604,42115.2629099386,33357.08183712376,43948.250818157445
50,2025-12-15,DHR-Fourier,48081.393625,43991.337714169174,40308.87593342113,47673.79949491722,38359.49841970871,49623.17700862964
50,2025-12-16,DHR-Fourier,49292.85816667,44760.39632830071,40900.65303044704,48620.13962615438,38857.42835045872,50663.3643061427
51,2025-12-17,SNaive7,44702.10645833,46008.13933333,,,,
51,2025-12-18,SNaive7,43268.7085,47592.01625,,,,
51,2025-12-19,SNaive7,43503.36895833,48636.02570833,,,,
51,2025-12-20,SNaive7,40805.78441667,44699.28816667,,,,
51,2025-12-21,SNaive7,39314.99495833,40641.682875,,,,
51,2025-12-22,SNaive7,45233.63054167,48081.393625,,,,
51,2025-12-23,SNaive7,47066.55091667,49292.85816667,,,,
51,2025-12-17,SARIMA,44702.10645833,48604.5012896384,47038.606155870235,50170.396423406564,46209.67134422929,50999.33123504751
51,2025-12-18,SARIMA,43268.7085,47876.96038405692,45589.916919361596,50164.00384875224,44379.22924127948,51374.69152683436
51,2025-12-19,SARIMA,43503.36895833,47963.140019063016,45280.53817075468,50645.741867371355,43860.454533043885,52065.825505082146
51,2025-12-20,SARIMA,40805.78441667,44582.9905375346,41652.611282011865,47513.36979305733,40101.36220802828,49064.61886704092
51,2025-12-21,SARIMA,39314.99495833,41184.706210239914,38090.99062939834,44278.42179108149,36453.2765277494,45916.135892730425
51,2025-12-22,SARIMA,45233.63054167,47174.98222481119,43970.733209912934,50379.23123970944,42274.506242770054,52075.45820685232
51,2025-12-23,SARIMA,47066.55091667,47508.785639757196,44228.5844844347,50788.98679507969,42492.15088285087,52525.420396663525
51,2025-12-17,ETS,44702.10645833,49394.5653618792,47816.837684521175,50972.29303923722,46981.594763768604,51807.53595998979
51,2025-12-18,ETS,43268.7085,49400.1755415186,47822.447864160575,50977.90321887662,46987.204943408,51813.14613962919
51,2025-12-19,ETS,43503.36895833,49111.069305927434,47533.34162856941,50688.79698328546,46698.09870781684,51524.03990403803
51,2025-12-20,ETS,40805.78441667,45454.19606404406,43876.468386686036,47031.92374140208,43041.225465933465,47867.166662154654
51,2025-12-21,ETS,39314.99495833,41846.01646166943,40268.28878431141,43423.744139027454,39433.04586355884,44258.987059780025
51,2025-12-22,ETS,45233.63054167,48189.051671346606,46611.32399398858,49766.77934870463,45776.08107323601,50602.0222694572
51,2025-12-23,ETS,47066.55091667,49292.858165029014,47715.13048767099,50870.58584238704,46879.88756691842,51705.82876313961
51,2025-12-17,DHR-Fourier,44702.10645833,48743.61075959854,47185.23896991472,50301.98254928236,46360.286776060224,51126.93474313685
51,2025-12-18,DHR-Fourier,43268.7085,48279.11163977739,45954.65996323952,50603.56331631525,44724.169573999534,51834.05370555524
51,2025-12-19,DHR-Fourier,43503.36895833,47713.76098085037,44900.47835395388,50527.04360774686,43411.21649079999,52016.30547090075
51,2025-12-20,DHR-Fourier,40805.78441667,44119.59335716853,40951.77667845146,47287.4100358856,39274.83582509663,48964.350889240435
51,2025-12-21,DHR-Fourier,39314.99495833,40573.30664404082,37134.491103482185,44012.12218459946,35314.092118320674,45832.52116976097
51,2025-12-22,DHR-Fourier,45233.63054167,45835.81800122738,42183.815857669266,49487.820144785495,40250.56270188619,51421.07330056857
51,2025-12-23,DHR-Fourier,47066.55091667,46530.56428899325,42707.80936787008,50353.31921011642,40684.165151756264,52376.963426230235
52,2025-12-24,SNaive7,44867.482375,44702.10645833,,,,
52,2025-12-25,SNaive7,40745.18591667,43268.7085,,,,
52,2025-12-26,SNaive7,46933.097375,43503.36895833,,,,
52,2025-12-27,SNaive7,46604.419625,40805.78441667,,,,
52,2025-12-28,SNaive7,44605.56625,39314.99495833,,,,
52,2025-12-29,SNaive7,48437.28425,45233.63054167,,,,
52,2025-12-30,SNaive7,49242.02170833,47066.55091667,,,,
52,2025-12-24,SARIMA,44867.482375,46247.89886227405,44679.155731106184,47816.64199344192,43848.71328071143,48647.08444383667
52,2025-12-25,SARIMA,40745.18591667,45680.83570728183,43390.89935271942,47970.77206184425,42178.68027124676,49182.9911433169
52,2025-12-26,SARIMA,46933.097375,46023.067103818,43338.80649073295,48707.32771690305,41917.84475599121,50128.28945164479
52,2025-12-27,SARIMA,46604.419625,42947.85996462793,40017.374174452474,45878.34575480339,38466.06870443037,47429.651224825495
52,2025-12-28,SARIMA,44605.56625,40020.43143393247,36928.155140185256,43112.707727679684,35291.202951100415,44749.659916764525
52,2025-12-29,SARIMA,48437.28425,46138.19414081969,42936.79133626806,49339.59694537131,41242.07106187024,51034.31721976913
52,2025-12-30,SARIMA,49242.02170833,46828.690461223836,43552.554900223404,50104.82602222427,41818.273494269335,51839.10742817834
52,2025-12-24,ETS,44867.482375,47143.09817525032,45560.337592372794,48725.85875812785,44722.43027093415,49563.76607956649
52,2025-12-25,ETS,40745.18591667,47143.890606213085,45561.13002333556,48726.65118909061,44723.22270189691,49564.558510529256
52,2025-12-26,ETS,46933.097375,46871.57073943031,45288.81015655278,48454.33132230784,44450.90283511414,49292.23864374648
52,2025-12-27,ETS,46604.419625,43385.338597013535,41802.57801413601,44968.09917989106,40964.670692697364,45806.006501329706
52,2025-12-28,ETS,44605.56625,39950.54791706704,38367.78733418951,41533.308499944564,37529.880012750866,42371.21582138321
52,2025-12-29,ETS,48437.28425,46007.649181370994,44424.88859849347,47590.40976424852,43586.98127705482,48428.317085687166
52,2025-12-30,ETS,49242.02170833,47066.55090487076,45483.790321993234,48649.31148774829,44645.88300055459,49487.21880918693
52,2025-12-24,DHR-Fourier,44867.482375,46891.26392766716,45331.500498403155,48451.02735693117,44505.81161505497,49276.716240279355
52,2025-12-25,DHR-Fourier,40745.18591667,46633.58976065582,44308.08377050346,48959.095750808185,43077.03526134943,50190.14425996221
52,2025-12-26,DHR-Fourier,46933.097375,46263.93226208405,43453.91236507434,49073.95215909375,41966.37768679115,50561.48683737694
52,2025-12-27,DHR-Fourier,46604.419625,42853.94928275881,39695.27200137715,46012.626564140475,38023.169252723805,47684.72931279382
52,2025-12-28,DHR-Fourier,44605.56625,39482.926423068784,36059.812545162524,42906.040300975044,34247.725518121646,44718.12732801592
52,2025-12-29,DHR-Fourier,48437.28425,44902.874423332396,41273.36412598199,48532.3847206828,39352.01743436602,50453.731412298774
52,2025-12-30,DHR-Fourier,49242.02170833,45745.3308967197,41951.81482443247,49538.84696900693,39943.64871993018,51547.013073509224
